;_id;_index;_score;_source.city;_source.country;_source.county;_source.date;_source.dirname;_source.filename;_source.height;_source.imported;_source.keywords;_source.lens;_source.location;_source.md5;_source.media;_source.metadata;_source.modified;_source.museum;_source.orientation;_source.place;_source.placeInterpolated;_source.rating;_source.state;_source.width;_type;long;lat
0;5yqKtGwB1ENIxZisVfxd;images2;4.163365;Serra de Água ;Portugal;GPS_UNRESOLVED;2018-06-17T17:56:59;/Users/andregarstka/Pictures/Local/2018 - Madeira/;/Users/andregarstka/Pictures/Local/2018 - Madeira/IMG_3196.JPG;3024;2019-08-21;[];iPhone 7 iPhone 7 back camera 3.99mm f/1.8;[-16.98528611111111, 32.728436111111115];b37043d7e9713e53878abac357e77215;image;True;;prev_museum;Rotated 180;True;True;2;Madeira ;4032;test;32.73;-16.99
1;6CqKtGwB1ENIxZisVfyX;images2;4.163365;Porto da Cruz ;Portugal;GPS_UNRESOLVED;2018-06-18T21:06:14;/Users/andregarstka/Pictures/Local/2018 - Madeira/;/Users/andregarstka/Pictures/Local/2018 - Madeira/IMG_3237.JPG;3024;2019-08-21;[];iPhone 7 iPhone 7 back camera 3.99mm f/1.8;[-16.827952777777778, 32.772505555555554];2f3ce61a84d76ea8da1f81501b73e19f;image;True;;prev_museum;Rotated 180;True;True;2;Madeira ;4032;test;32.77;-16.83
2;6SqKtGwB1ENIxZisVfy3;images2;4.163365;Casa das Queimadas Santana ;Portugal;GPS_UNRESOLVED;2018-06-18T20:08:48;/Users/andregarstka/Pictures/Local/2018 - Madeira/;/Users/andregarstka/Pictures/Local/2018 - Madeira/IMG_3235.JPG;3024;2019-08-21;[];iPhone 7 iPhone 7 back camera 3.99mm f/1.8;[-16.906558333333333, 32.783905555555556];3ec297508eee3f9320ab1f603df50776;image;True;;prev_museum;Rotated 180;True;True;2;Madeira ;4032;test;32.78;-16.91
3;6iqKtGwB1ENIxZisVfzW;images2;4.163365;Serra de Água ;Portugal;GPS_UNRESOLVED;2018-06-17T17:22:37;/Users/andregarstka/Pictures/Local/2018 - Madeira/;/Users/andregarstka/Pictures/Local/2018 - Madeira/IMG_3194.JPG;3024;2019-08-21;[];iPhone 7 iPhone 7 back camera 3.99mm f/1.8;[-16.984372222222223, 32.732597222222225];9187c69dc7e1fbf75f6b407c59777904;image;True;;prev_museum;Rotated 180;True;True;2;Madeira ;4032;test;32.73;-16.98
4;6yqKtGwB1ENIxZisVvwG;images2;4.163365;Câmara de Lobos ;Portugal;GPS_UNRESOLVED;2018-06-16T18:19:12;/Users/andregarstka/Pictures/Local/2018 - Madeira/;/Users/andregarstka/Pictures/Local/2018 - Madeira/IMG_3143.JPG;2320;2019-08-21;[];iPhone 7 iPhone 7 front camera 2.87mm f/2.2;[-17.00443611111111, 32.65638611111111];3d4eeaa24db3ca8530985b69d6a4baf3;image;True;;prev_museum;Horizontal (normal);True;True;2;Madeira ;3088;test;32.66;-17.0
5;7CqKtGwB1ENIxZisVvwu;images2;4.163365;Câmara de Lobos ;Portugal;GPS_UNRESOLVED;2018-06-16T18:18:16;/Users/andregarstka/Pictures/Local/2018 - Madeira/;/Users/andregarstka/Pictures/Local/2018 - Madeira/IMG_3142.JPG;3024;2019-08-21;[];iPhone 7 iPhone 7 back camera 3.99mm f/1.8;[-17.004441666666665, 32.656416666666665];138efc3839af034a9f5b61229ac50317;image;True;;prev_museum;Rotated 180;True;True;2;Madeira ;4032;test;32.66;-17.0
6;7SqKtGwB1ENIxZisVvxS;images2;4.163365;Serra de Água ;Portugal;GPS_UNRESOLVED;2018-06-17T17:56:14;/Users/andregarstka/Pictures/Local/2018 - Madeira/;/Users/andregarstka/Pictures/Local/2018 - Madeira/IMG_3195.JPG;3024;2019-08-21;[];iPhone 7 iPhone 7 back camera 3.99mm f/1.8;[-16.985297222222222, 32.728608333333334];b77f7d3d57c1223bbc697001a9c8516a;image;True;;prev_museum;Rotated 180;True;True;2;Madeira ;4032;test;32.73;-16.99
7;7iqKtGwB1ENIxZisVvyK;images2;4.163365;Câmara de Lobos ;Portugal;GPS_UNRESOLVED;2018-06-18T11:02:53;/Users/andregarstka/Pictures/Local/2018 - Madeira/;/Users/andregarstka/Pictures/Local/2018 - Madeira/IMG_3208.JPG;3024;2019-08-21;[];iPhone 7 iPhone 7 back camera 3.99mm f/1.8;[-17.004283333333333, 32.65741666666666];bc6de3bfd11b9ccc4ca5354c91dd569a;image;True;;prev_museum;Rotated 180;True;True;2;Madeira ;4032;test;32.66;-17.0
8;7yqKtGwB1ENIxZisVvyw;images2;4.163365;Ilha ;Portugal;GPS_UNRESOLVED;2018-06-18T17:15:09;/Users/andregarstka/Pictures/Local/2018 - Madeira/;/Users/andregarstka/Pictures/Local/2018 - Madeira/IMG_3220.JPG;3024;2019-08-21;[];iPhone 7 iPhone 7 back camera 3.99mm f/1.8;[-16.922994444444445, 32.78491666666667];66dd5796ce06a546dba7a530acd914df;image;True;;prev_museum;Rotated 180;True;True;2;Madeira ;4032;test;32.78;-16.92
9;8CqKtGwB1ENIxZisV_xF;images2;4.163365;Porto da Cruz ;Portugal;GPS_UNRESOLVED;2018-06-19T13:22:25;/Users/andregarstka/Pictures/Local/2018 - Madeira/;/Users/andregarstka/Pictures/Local/2018 - Madeira/IMG_3239.JPG;3024;2019-08-21;[];iPhone 7 iPhone 7 back camera 3.99mm f/1.8;[-16.82749722222222, 32.77328055555555];49f6d9c91c3cbd11a194d54d1a797117;image;True;;prev_museum;Horizontal (normal);True;True;2;Madeira ;4032;test;32.77;-16.83
10;8SqKtGwB1ENIxZisV_ya;images2;4.163365;Serra de Água ;Portugal;GPS_UNRESOLVED;2018-06-17T18:35:53;/Users/andregarstka/Pictures/Local/2018 - Madeira/;/Users/andregarstka/Pictures/Local/2018 - Madeira/IMG_3198.JPG;3024;2019-08-21;[];iPhone 7 iPhone 7 back camera 3.99mm f/1.8;[-16.990144444444446, 32.72245277777778];aa1cdc558cf7b1ded2fea7a219d734cf;image;True;;prev_museum;Rotated 180;True;True;2;Madeira ;4032;test;32.72;-16.99
11;8iqKtGwB1ENIxZisV_za;images2;4.163365;Serra de Água ;Portugal;GPS_UNRESOLVED;2018-06-17T15:53:06;/Users/andregarstka/Pictures/Local/2018 - Madeira/;/Users/andregarstka/Pictures/Local/2018 - Madeira/IMG_3173.JPG;3024;2019-08-21;['Nice'];iPhone 7 iPhone 7 back camera 3.99mm f/1.8;[-16.985511111111112, 32.73525277777778];0e4231ee0e9343d03b3870ead80e0da2;image;True;;prev_museum;Rotated 180;True;True;3;Madeira ;4032;test;32.74;-16.99
12;8yqKtGwB1ENIxZisWPwA;images2;4.163365;Serra de Água ;Portugal;GPS_UNRESOLVED;2018-06-17T18:44:05;/Users/andregarstka/Pictures/Local/2018 - Madeira/;/Users/andregarstka/Pictures/Local/2018 - Madeira/IMG_3199.JPG;3024;2019-08-21;[];iPhone 7 iPhone 7 back camera 3.99mm f/1.8;[-16.990283333333334, 32.71939166666667];36210f8b0cc8bf171110a7b47e04d0e9;image;True;;prev_museum;Rotated 180;True;True;2;Madeira ;4032;test;32.72;-16.99
13;9CqKtGwB1ENIxZisWPwk;images2;4.163365;Câmara de Lobos ;Portugal;GPS_UNRESOLVED;2018-06-19T09:20:53;/Users/andregarstka/Pictures/Local/2018 - Madeira/;/Users/andregarstka/Pictures/Local/2018 - Madeira/IMG_3238.JPG;3024;2019-08-21;[];iPhone 7 iPhone 7 back camera 3.99mm f/1.8;[-17.00422222222222, 32.65739444444444];e3d85bc91a687cb2061a8830a3ab59a3;image;True;;prev_museum;Rotated 90 CW;True;True;2;Madeira ;4032;test;32.66;-17.0
14;9yqKtGwB1ENIxZisWfwh;images2;4.163365;Serra de Água ;Portugal;GPS_UNRESOLVED;2018-06-17T14:58:40;/Users/andregarstka/Pictures/Local/2018 - Madeira/;/Users/andregarstka/Pictures/Local/2018 - Madeira/IMG_3159.JPG;3024;2019-08-21;[];iPhone 7 iPhone 7 back camera 3.99mm f/1.8;[-16.985747222222223, 32.73086111111111];1384afb340afec1596823c1ea443609f;image;True;;prev_museum;Rotated 180;True;True;2;Madeira ;4032;test;32.73;-16.99
15;-CqKtGwB1ENIxZisWfxq;images2;4.163365;Ilha ;Portugal;GPS_UNRESOLVED;2018-06-18T16:37:27;/Users/andregarstka/Pictures/Local/2018 - Madeira/;/Users/andregarstka/Pictures/Local/2018 - Madeira/IMG_3217.JPG;3024;2019-08-21;[];iPhone 7 iPhone 7 back camera 3.99mm f/1.8;[-16.92031111111111, 32.78103611111111];2fdfabcdb32b32e316f9fba63bf74807;image;True;;prev_museum;Rotated 90 CW;True;True;2;Madeira ;4032;test;32.78;-16.92
16;tiqKtGwB1ENIxZisSPzu;images2;4.163365;Porto da Cruz ;Portugal;GPS_UNRESOLVED;2018-06-19T13:58:42;/Users/andregarstka/Pictures/Local/2018 - Madeira/;/Users/andregarstka/Pictures/Local/2018 - Madeira/IMG_3246.JPG;3024;2019-08-21;[];iPhone 7 iPhone 7 back camera 3.99mm f/1.8;[-16.827102777777778, 32.77211111111111];09d8b64eacb1275e960d883c20145c0f;image;True;;prev_museum;Rotated 180;True;True;2;Madeira ;4032;test;32.77;-16.83
17;tyqKtGwB1ENIxZisSfwY;images2;4.163365;Porto da Cruz ;Portugal;GPS_UNRESOLVED;2018-06-19T13:40:56;/Users/andregarstka/Pictures/Local/2018 - Madeira/;/Users/andregarstka/Pictures/Local/2018 - Madeira/IMG_3244.JPG;3024;2019-08-21;[];iPhone 7 iPhone 7 back camera 3.99mm f/1.8;[-16.826605555555556, 32.77475833333333];d34b4b1b349f7dbf6cccd947f7289bd3;image;True;;prev_museum;Horizontal (normal);True;True;2;Madeira ;4032;test;32.77;-16.83
18;uCqKtGwB1ENIxZisSfxD;images2;4.163365;Ponta do Pargo ;Portugal;GPS_UNRESOLVED;2018-06-15T19:47:45;/Users/andregarstka/Pictures/Local/2018 - Madeira/;/Users/andregarstka/Pictures/Local/2018 - Madeira/IMG_3091.JPG;3024;2019-08-21;[];iPhone 7 iPhone 7 back camera 3.99mm f/1.8;[-17.240325000000002, 32.82271111111111];571638569759ef28f8fb088d11b7b945;image;True;;prev_museum;Rotated 180;True;True;2;Madeira ;4032;test;32.82;-17.24
19;uiqKtGwB1ENIxZisSfyV;images2;4.163365;Rabaçal Calheta ;Portugal;GPS_UNRESOLVED;2018-06-16T15:38:21;/Users/andregarstka/Pictures/Local/2018 - Madeira/;/Users/andregarstka/Pictures/Local/2018 - Madeira/IMG_3133.JPG;2320;2019-08-21;[];iPhone 7 iPhone 7 front camera 2.87mm f/2.2;[-17.125583333333335, 32.76551388888889];6bd8f650e6aa38eee2feea7e7be1d3cb;image;True;;prev_museum;Horizontal (normal);True;True;2;Madeira ;3088;test;32.77;-17.13
20;uyqKtGwB1ENIxZisSfy_;images2;4.163365;;Portugal;GPS_UNRESOLVED;2018-06-14T20:03:06;/Users/andregarstka/Pictures/Local/2018 - Madeira/;/Users/andregarstka/Pictures/Local/2018 - Madeira/IMG_3047.JPG;3024;2019-08-21;[];iPhone 7 iPhone 7 back camera 3.99mm f/1.8;[-16.691694444444444, 32.74825];cedb82bc96b6e6578dcc386ba76ec814;image;True;;prev_museum;Rotated 180;True;True;2;;4032;test;32.75;-16.69
21;vCqKtGwB1ENIxZisSfzz;images2;4.163365;Caniçal ;Portugal;GPS_UNRESOLVED;2018-06-14T20:46:24;/Users/andregarstka/Pictures/Local/2018 - Madeira/;/Users/andregarstka/Pictures/Local/2018 - Madeira/IMG_3053.JPG;3024;2019-08-21;['Nice'];iPhone 7 iPhone 7 back camera 3.99mm f/1.8;[-16.696177777777777, 32.748805555555556];593408fe33f942d778f803e528388616;image;True;;prev_museum;Rotated 180;True;True;3;Madeira ;4032;test;32.75;-16.7
22;vSqKtGwB1ENIxZisSvwb;images2;4.163365;Ponta do Pargo ;Portugal;GPS_UNRESOLVED;2018-06-15T19:41:42;/Users/andregarstka/Pictures/Local/2018 - Madeira/;/Users/andregarstka/Pictures/Local/2018 - Madeira/IMG_3090.JPG;3024;2019-08-21;[];iPhone 7 iPhone 7 back camera 3.99mm f/1.8;[-17.239686111111112, 32.82564444444445];7171c4ab06348bf740cf774cf15f38fd;image;True;;prev_museum;Rotated 90 CW;True;True;2;Madeira ;4032;test;32.83;-17.24
23;viqKtGwB1ENIxZisSvxC;images2;4.163365;Porto da Cruz ;Portugal;GPS_UNRESOLVED;2018-06-19T13:58:38;/Users/andregarstka/Pictures/Local/2018 - Madeira/;/Users/andregarstka/Pictures/Local/2018 - Madeira/IMG_3245.JPG;3024;2019-08-21;[];iPhone 7 iPhone 7 back camera 3.99mm f/1.8;[-16.82708611111111, 32.772124999999996];3db8d405f3bf25bcff60347965b220b7;image;True;;prev_museum;Rotated 180;True;True;2;Madeira ;4032;test;32.77;-16.83
24;vyqKtGwB1ENIxZisSvxq;images2;4.163365;Ponta do Pargo ;Portugal;GPS_UNRESOLVED;2018-06-15T19:50:10;/Users/andregarstka/Pictures/Local/2018 - Madeira/;/Users/andregarstka/Pictures/Local/2018 - Madeira/IMG_3094.JPG;3024;2019-08-21;[];iPhone 7 iPhone 7 back camera 3.99mm f/1.8;[-17.240727777777778, 32.82195277777778];366f4dd98205a457f0b8260dcce7c36c;image;True;;prev_museum;Rotated 180;True;True;2;Madeira ;4032;test;32.82;-17.24
25;wCqKtGwB1ENIxZisSvyU;images2;4.163365;Arco da Calheta ;Portugal;GPS_UNRESOLVED;2018-06-15T12:57:55;/Users/andregarstka/Pictures/Local/2018 - Madeira/;/Users/andregarstka/Pictures/Local/2018 - Madeira/IMG_3057.JPG;3024;2019-08-21;[];iPhone 7 iPhone 7 back camera 3.99mm f/1.8;[-17.156513888888888, 32.71888333333334];4fe7307067846f4c6aba4e5fd670340d;image;True;;prev_museum;Rotated 180;True;True;2;Madeira ;4032;test;32.72;-17.16
26;wSqKtGwB1ENIxZisSvy_;images2;4.163365;Caniçal ;Portugal;GPS_UNRESOLVED;2018-06-14T19:15:06;/Users/andregarstka/Pictures/Local/2018 - Madeira/;/Users/andregarstka/Pictures/Local/2018 - Madeira/IMG_3043.JPG;3024;2019-08-21;[];iPhone 7 iPhone 7 back camera 3.99mm f/1.8;[-16.698655555555554, 32.74637222222222];37b1cda6b2a05e24407a9fd27e2d848f;image;True;;prev_museum;Rotated 180;True;True;2;Madeira ;4032;test;32.75;-16.7
27;wiqKtGwB1ENIxZisSvze;images2;4.163365;Rabaçal Calheta ;Portugal;GPS_UNRESOLVED;2018-06-16T15:39:02;/Users/andregarstka/Pictures/Local/2018 - Madeira/;/Users/andregarstka/Pictures/Local/2018 - Madeira/IMG_3137.JPG;3024;2019-08-21;[];iPhone 7 iPhone 7 back camera 3.99mm f/1.8;[-17.12569722222222, 32.765];a33cf307d9d9f61af85bad92332d024f;image;True;;prev_museum;Rotated 180;True;True;2;Madeira ;4032;test;32.77;-17.13
28;wyqKtGwB1ENIxZisS_wQ;images2;4.163365;Rabaçal Calheta ;Portugal;GPS_UNRESOLVED;2018-06-16T15:38:52;/Users/andregarstka/Pictures/Local/2018 - Madeira/;/Users/andregarstka/Pictures/Local/2018 - Madeira/IMG_3136.JPG;2320;2019-08-21;[];iPhone 7 iPhone 7 front camera 2.87mm f/2.2;[-17.12578611111111, 32.765188888888886];f2cec8ba367c7b20885edf567371ac5d;image;True;;prev_museum;Horizontal (normal);True;True;2;Madeira ;3088;test;32.77;-17.13
29;xCqKtGwB1ENIxZisS_xB;images2;4.163365;Caniçal ;Portugal;GPS_UNRESOLVED;2018-06-14T19:11:57;/Users/andregarstka/Pictures/Local/2018 - Madeira/;/Users/andregarstka/Pictures/Local/2018 - Madeira/IMG_3042.JPG;3024;2019-08-21;[];iPhone 7 iPhone 7 back camera 3.99mm f/1.8;[-16.70038333333333, 32.74529166666667];210ad80044d5c6f22ad0f7bb8a566011;image;True;;prev_museum;Rotated 180;True;True;2;Madeira ;4032;test;32.75;-16.7
30;xSqKtGwB1ENIxZisS_xw;images2;4.163365;Ponta do Pargo ;Portugal;GPS_UNRESOLVED;2018-06-15T20:05:43;/Users/andregarstka/Pictures/Local/2018 - Madeira/;/Users/andregarstka/Pictures/Local/2018 - Madeira/IMG_3095.JPG;3024;2019-08-21;[];iPhone 7 iPhone 7 back camera 3.99mm f/1.8;[-17.243516666666668, 32.81810277777778];a76d0ed01fbb8aff8e38799485bb5801;image;True;;prev_museum;Rotated 180;True;True;2;Madeira ;4032;test;32.82;-17.24
31;xiqKtGwB1ENIxZisS_y1;images2;4.163365;Porto da Cruz ;Portugal;GPS_UNRESOLVED;2018-06-19T13:40:48;/Users/andregarstka/Pictures/Local/2018 - Madeira/;/Users/andregarstka/Pictures/Local/2018 - Madeira/IMG_3242.JPG;3024;2019-08-21;[];iPhone 7 iPhone 7 back camera 3.99mm f/1.8;[-16.826625, 32.774747222222224];7bf99e9657fdc3cf14246f8206b1ad15;image;True;;prev_museum;Horizontal (normal);True;True;2;Madeira ;4032;test;32.77;-16.83
32;-iqKtGwB1ENIxZisWfzP;images2;4.163365;Serra de Água ;Portugal;GPS_UNRESOLVED;2018-06-17T14:58:44;/Users/andregarstka/Pictures/Local/2018 - Madeira/;/Users/andregarstka/Pictures/Local/2018 - Madeira/IMG_3160.JPG;3024;2019-08-21;[];iPhone 7 iPhone 7 back camera 3.99mm f/1.8;[-16.985736111111112, 32.730872222222224];084537b6a9375c2f75572668f67d7fa2;image;True;;prev_museum;Rotated 180;True;True;2;Madeira ;4032;test;32.73;-16.99
33;-yqKtGwB1ENIxZisWfz6;images2;4.163365;Serra de Água ;Portugal;GPS_UNRESOLVED;2018-06-17T18:59:18;/Users/andregarstka/Pictures/Local/2018 - Madeira/;/Users/andregarstka/Pictures/Local/2018 - Madeira/IMG_3202.JPG;3024;2019-08-21;[];iPhone 7 iPhone 7 back camera 3.99mm f/1.8;[-16.989644444444444, 32.716213888888895];173719c211af8db73ee218bda1f1ba8f;image;True;;prev_museum;Rotated 180;True;True;2;Madeira ;4032;test;32.72;-16.99
34;_iqKtGwB1ENIxZisWvxh;images2;4.163365;Casa das Queimadas Santana ;Portugal;GPS_UNRESOLVED;2018-06-18T15:58:19;/Users/andregarstka/Pictures/Local/2018 - Madeira/;/Users/andregarstka/Pictures/Local/2018 - Madeira/IMG_3214.JPG;3024;2019-08-21;[];iPhone 7 iPhone 7 back camera 3.99mm f/1.8;[-16.91390833333333, 32.782944444444446];ae463fa44b3ad2c4826e129ac4238682;image;True;;prev_museum;Rotated 90 CW;True;True;2;Madeira ;4032;test;32.78;-16.91
35;_yqKtGwB1ENIxZisWvyB;images2;4.163365;Boa Ventura ;Portugal;GPS_UNRESOLVED;2018-06-18T18:19:44;/Users/andregarstka/Pictures/Local/2018 - Madeira/;/Users/andregarstka/Pictures/Local/2018 - Madeira/IMG_3228.JPG;3024;2019-08-21;[];iPhone 7 iPhone 7 back camera 3.99mm f/1.8;[-16.935077777777778, 32.77545277777778];58a59bb1df31bbd4b9ae258e5d95bbca;image;True;;prev_museum;Rotated 90 CW;True;True;2;Madeira ;4032;test;32.78;-16.94
36;ASqKtGwB1ENIxZisWv3A;images2;4.163365;Serra de Água ;Portugal;GPS_UNRESOLVED;2018-06-17T15:39:56;/Users/andregarstka/Pictures/Local/2018 - Madeira/;/Users/andregarstka/Pictures/Local/2018 - Madeira/IMG_3162.JPG;3024;2019-08-21;[];iPhone 7 iPhone 7 back camera 3.99mm f/1.8;[-16.984847222222225, 32.73501944444445];bbaa1e98593203f7e46596ede221cbe6;image;True;;prev_museum;Rotated 90 CW;True;True;2;Madeira ;4032;test;32.74;-16.98
37;AiqKtGwB1ENIxZisWv3q;images2;4.163365;Serra de Água ;Portugal;GPS_UNRESOLVED;2018-06-17T16:27:20;/Users/andregarstka/Pictures/Local/2018 - Madeira/;/Users/andregarstka/Pictures/Local/2018 - Madeira/IMG_3188.JPG;2320;2019-08-21;[];iPhone 7 iPhone 7 front camera 2.87mm f/2.2;[-16.987625, 32.73688888888889];a1fcb3bf176ff0b90711fb22068ac2e6;image;True;;prev_museum;Rotated 180;True;True;2;Madeira ;3088;test;32.74;-16.99
38;AyqKtGwB1ENIxZisW_0L;images2;4.163365;Boa Ventura ;Portugal;GPS_UNRESOLVED;2018-06-18T18:20:20;/Users/andregarstka/Pictures/Local/2018 - Madeira/;/Users/andregarstka/Pictures/Local/2018 - Madeira/IMG_3229.JPG;3024;2019-08-21;[];iPhone 7 iPhone 7 back camera 3.99mm f/1.8;[-16.935169444444444, 32.77560833333333];62babda4ab9b6616d7ee807e2f684224;image;True;;prev_museum;Rotated 180;True;True;2;Madeira ;4032;test;32.78;-16.94
39;BSqKtGwB1ENIxZisW_1k;images2;4.163365;Serra de Água ;Portugal;GPS_UNRESOLVED;2018-06-17T18:44:51;/Users/andregarstka/Pictures/Local/2018 - Madeira/;/Users/andregarstka/Pictures/Local/2018 - Madeira/IMG_3201.JPG;2320;2019-08-21;[];iPhone 7 iPhone 7 front camera 2.87mm f/2.2;[-16.990269444444447, 32.719436111111115];055c4a31d2e1ba3bcb5726c04e6d9275;image;True;;prev_museum;Horizontal (normal);True;True;2;Madeira ;3088;test;32.72;-16.99
40;BiqKtGwB1ENIxZisW_2S;images2;4.163365;Ponta do Pargo ;Portugal;GPS_UNRESOLVED;2018-06-15T16:17:30;/Users/andregarstka/Pictures/Local/2018 - Madeira/;/Users/andregarstka/Pictures/Local/2018 - Madeira/IMG_3064.JPG;3024;2019-08-21;[];iPhone 7 iPhone 7 back camera 3.99mm f/1.8;[-17.231505555555554, 32.81330555555555];cdb8ce62eb6a47683b9d7a9256c71325;image;True;;prev_museum;Rotated 180;True;True;2;Madeira ;4032;test;32.81;-17.23
41;ByqKtGwB1ENIxZisW_3o;images2;4.163365;Rabaçal Calheta ;Portugal;GPS_UNRESOLVED;2018-06-16T15:40:32;/Users/andregarstka/Pictures/Local/2018 - Madeira/;/Users/andregarstka/Pictures/Local/2018 - Madeira/IMG_3138.JPG;3024;2019-08-21;[];iPhone 7 iPhone 7 back camera 3.99mm f/1.8;[-17.125227777777777, 32.765877777777774];84e7fdc7de1e83b7ec7d07dd1cac430b;image;True;;prev_museum;Rotated 90 CW;True;True;2;Madeira ;4032;test;32.77;-17.13
42;CCqKtGwB1ENIxZisXP0U;images2;4.163365;Rabaçal Calheta ;Portugal;GPS_UNRESOLVED;2018-06-16T12:45:45;/Users/andregarstka/Pictures/Local/2018 - Madeira/;/Users/andregarstka/Pictures/Local/2018 - Madeira/IMG_3110.JPG;3024;2019-08-21;[];iPhone 7 iPhone 7 back camera 3.99mm f/1.8;[-17.13072222222222, 32.75404722222222];e3a99eb3f42bfa94d328cd0304a414f7;image;True;;prev_museum;Rotated 180;True;True;2;Madeira ;4032;test;32.75;-17.13
43;CiqKtGwB1ENIxZisXP2F;images2;4.163365;Rabaçal Calheta ;Portugal;GPS_UNRESOLVED;2018-06-16T15:41:45;/Users/andregarstka/Pictures/Local/2018 - Madeira/;/Users/andregarstka/Pictures/Local/2018 - Madeira/IMG_3139.JPG;3024;2019-08-21;[];iPhone 7 iPhone 7 back camera 3.99mm f/1.8;[-17.125766666666667, 32.765502777777776];04f6038208eef09e99d05c21647b7047;image;True;;prev_museum;Rotated 180;True;True;2;Madeira ;4032;test;32.77;-17.13
44;CyqKtGwB1ENIxZisXf0A;images2;4.163365;Ponta do Pargo ;Portugal;GPS_UNRESOLVED;2018-06-15T18:44:19;/Users/andregarstka/Pictures/Local/2018 - Madeira/;/Users/andregarstka/Pictures/Local/2018 - Madeira/IMG_3071.JPG;3024;2019-08-21;[];iPhone 7 iPhone 7 back camera 3.99mm f/1.8;[-17.234644444444445, 32.831383333333335];6fed04307bcd8ff27b4766b3aa73fe39;image;True;;prev_museum;Rotated 180;True;True;2;Madeira ;4032;test;32.83;-17.23
45;FyqKtGwB1ENIxZisaP1s;images2;4.163365;Ponta do Pargo ;Portugal;GPS_UNRESOLVED;2018-06-15T18:51:37;/Users/andregarstka/Pictures/Local/2018 - Madeira/;/Users/andregarstka/Pictures/Local/2018 - Madeira/IMG_3076.JPG;3024;2019-08-21;[];iPhone 7 iPhone 7 back camera 3.99mm f/1.8;[-17.236641666666667, 32.83120277777778];568c64f1acfcadb740dcfe652c8922c6;image;True;;prev_museum;Rotated 180;True;True;2;Madeira ;4032;test;32.83;-17.24
46;GCqKtGwB1ENIxZisaP2h;images2;4.163365;Ponta do Pargo ;Portugal;GPS_UNRESOLVED;2018-06-15T14:39:01;/Users/andregarstka/Pictures/Local/2018 - Madeira/;/Users/andregarstka/Pictures/Local/2018 - Madeira/IMG_3062.JPG;3024;2019-08-21;[];iPhone 7 iPhone 7 back camera 3.99mm f/1.8;[-17.241622222222222, 32.80708333333333];abfd9614e166b3085e5ec3f69aa5862c;image;True;;prev_museum;Rotated 180;True;True;2;Madeira ;4032;test;32.81;-17.24
47;GSqKtGwB1ENIxZisaP3M;images2;4.163365;Fajã da Ovelha ;Portugal;GPS_UNRESOLVED;2018-06-15T21:20:38;/Users/andregarstka/Pictures/Local/2018 - Madeira/;/Users/andregarstka/Pictures/Local/2018 - Madeira/IMG_3102.JPG;3024;2019-08-21;[];iPhone 7 iPhone 7 back camera 3.99mm f/1.8;[-17.232644444444443, 32.78353611111111];697a2611f8f4b22a853cbddb0e582f57;image;True;;prev_museum;Rotated 180;True;True;2;Madeira ;4032;test;32.78;-17.23
48;GiqKtGwB1ENIxZisaP32;images2;4.163365;Rabaçal Calheta ;Portugal;GPS_UNRESOLVED;2018-06-16T13:50:36;/Users/andregarstka/Pictures/Local/2018 - Madeira/;/Users/andregarstka/Pictures/Local/2018 - Madeira/IMG_3116.JPG;3024;2019-08-21;[];iPhone 7 iPhone 7 back camera 3.99mm f/1.8;[-17.125775, 32.760891666666666];b57e38ae864c8626057dade40c32751a;image;True;;prev_museum;Rotated 180;True;True;2;Madeira ;4032;test;32.76;-17.13
49;GyqKtGwB1ENIxZisaf01;images2;4.163365;Rabaçal Calheta ;Portugal;GPS_UNRESOLVED;2018-06-16T13:54:24;/Users/andregarstka/Pictures/Local/2018 - Madeira/;/Users/andregarstka/Pictures/Local/2018 - Madeira/IMG_3117.JPG;3024;2019-08-21;[];iPhone 7 iPhone 7 back camera 3.99mm f/1.8;[-17.124022222222223, 32.76133611111111];6984e0ceee3cbfaaa80e605999f7fb4b;image;True;;prev_museum;Rotated 90 CW;True;True;2;Madeira ;4032;test;32.76;-17.12
50;HCqKtGwB1ENIxZisaf27;images2;4.163365;Funchal (São Pedro) ;Portugal;GPS_UNRESOLVED;2018-06-15T23:48:43;/Users/andregarstka/Pictures/Local/2018 - Madeira/;/Users/andregarstka/Pictures/Local/2018 - Madeira/IMG_3103.JPG;3024;2019-08-21;[];iPhone 7 iPhone 7 back camera 3.99mm f/1.8;[-16.90875833333333, 32.64821111111111];6ba3bfed7d4514e200cc15128f48040c;image;True;;prev_museum;Rotated 90 CW;True;True;2;Madeira ;4032;test;32.65;-16.91
51;HSqKtGwB1ENIxZisav06;images2;4.163365;Ponta do Pargo ;Portugal;GPS_UNRESOLVED;2018-06-15T15:58:10;/Users/andregarstka/Pictures/Local/2018 - Madeira/;/Users/andregarstka/Pictures/Local/2018 - Madeira/IMG_3063.JPG;4032;2019-08-21;['Nice'];iPhone 7 iPhone 7 back camera 3.99mm f/1.8;[-17.24141388888889, 32.81698611111111];f0f24dae8dd6aeaa09c5da7d561840e8;image;True;;prev_museum;-;True;True;3;Madeira ;3024;test;32.82;-17.24
52;HiqKtGwB1ENIxZisav1l;images2;4.163365;Ponta do Pargo ;Portugal;GPS_UNRESOLVED;2018-06-15T18:51:38;/Users/andregarstka/Pictures/Local/2018 - Madeira/;/Users/andregarstka/Pictures/Local/2018 - Madeira/IMG_3077.JPG;3024;2019-08-21;[];iPhone 7 iPhone 7 back camera 3.99mm f/1.8;[-17.236641666666667, 32.83120277777778];a47d820bbee7ec38d80566985d86bcff;image;True;;prev_museum;Rotated 180;True;True;2;Madeira ;4032;test;32.83;-17.24
53;HyqKtGwB1ENIxZisav2T;images2;4.163365;Ponta do Pargo ;Portugal;GPS_UNRESOLVED;2018-06-15T19:41:30;/Users/andregarstka/Pictures/Local/2018 - Madeira/;/Users/andregarstka/Pictures/Local/2018 - Madeira/IMG_3088.JPG;3024;2019-08-21;[];iPhone 7 iPhone 7 back camera 3.99mm f/1.8;[-17.23967777777778, 32.825675000000004];05ad333b4e1927d040c7106a09310935;image;True;;prev_museum;Rotated 90 CW;True;True;2;Madeira ;4032;test;32.83;-17.24
54;ICqKtGwB1ENIxZisav2_;images2;4.163365;Ponta do Pargo ;Portugal;GPS_UNRESOLVED;2018-06-15T18:51:27;/Users/andregarstka/Pictures/Local/2018 - Madeira/;/Users/andregarstka/Pictures/Local/2018 - Madeira/IMG_3075.JPG;3024;2019-08-21;[];iPhone 7 iPhone 7 back camera 3.99mm f/1.8;[-17.236644444444444, 32.83119444444445];9e6bddca756f483d6caf5a9f31de245b;image;True;;prev_museum;Rotated 180;True;True;2;Madeira ;4032;test;32.83;-17.24
55;ISqKtGwB1ENIxZisav3o;images2;4.163365;;Portugal;GPS_UNRESOLVED;2018-06-14T20:04:38;/Users/andregarstka/Pictures/Local/2018 - Madeira/;/Users/andregarstka/Pictures/Local/2018 - Madeira/IMG_3049.JPG;3024;2019-08-21;[];iPhone 7 iPhone 7 back camera 3.99mm f/1.8;[-16.691766666666666, 32.74768888888889];2d8217958a5cd611d020f97c9a86f0c6;image;True;;prev_museum;Rotated 180;True;True;2;;4032;test;32.75;-16.69
56;IiqKtGwB1ENIxZisa_0P;images2;4.163365;Rabaçal Calheta ;Portugal;GPS_UNRESOLVED;2018-06-16T13:50:36;/Users/andregarstka/Pictures/Local/2018 - Madeira/;/Users/andregarstka/Pictures/Local/2018 - Madeira/IMG_3115.JPG;3024;2019-08-21;[];iPhone 7 iPhone 7 back camera 3.99mm f/1.8;[-17.125775, 32.760891666666666];c3c92f606172c13fec685c27d8d0d994;image;True;;prev_museum;Rotated 180;True;True;2;Madeira ;4032;test;32.76;-17.13
57;IyqKtGwB1ENIxZisa_15;images2;4.163365;Rabaçal Calheta ;Portugal;GPS_UNRESOLVED;2018-06-16T14:45:29;/Users/andregarstka/Pictures/Local/2018 - Madeira/;/Users/andregarstka/Pictures/Local/2018 - Madeira/IMG_3129.JPG;3024;2019-08-21;[];iPhone 7 iPhone 7 back camera 3.99mm f/1.8;[-17.12547777777778, 32.7615];1de91e05e31564ff6250013068d26d6e;image;True;;prev_museum;Rotated 180;True;True;2;Madeira ;4032;test;32.76;-17.13
58;JCqKtGwB1ENIxZisa_3g;images2;4.163365;Fajã da Ovelha ;Portugal;GPS_UNRESOLVED;2018-06-15T21:18:38;/Users/andregarstka/Pictures/Local/2018 - Madeira/;/Users/andregarstka/Pictures/Local/2018 - Madeira/IMG_3100.JPG;3024;2019-08-21;[];iPhone 7 iPhone 7 back camera 3.99mm f/1.8;[-17.232658333333333, 32.78351111111111];7807188663669c7792e012975b8fd3df;image;True;;prev_museum;Rotated 180;True;True;2;Madeira ;4032;test;32.78;-17.23
59;JSqKtGwB1ENIxZisbP0y;images2;4.163365;Ponta do Pargo ;Portugal;GPS_UNRESOLVED;2018-06-15T18:51:26;/Users/andregarstka/Pictures/Local/2018 - Madeira/;/Users/andregarstka/Pictures/Local/2018 - Madeira/IMG_3074.JPG;3024;2019-08-21;[];iPhone 7 iPhone 7 back camera 3.99mm f/1.8;[-17.236644444444444, 32.83119444444445];3d0223b41aaba13f5e3129fa59666837;image;True;;prev_museum;Rotated 180;True;True;2;Madeira ;4032;test;32.83;-17.24
60;JiqKtGwB1ENIxZisbP14;images2;4.163365;Ponta do Pargo ;Portugal;GPS_UNRESOLVED;2018-06-15T14:38:04;/Users/andregarstka/Pictures/Local/2018 - Madeira/;/Users/andregarstka/Pictures/Local/2018 - Madeira/IMG_3060.JPG;3024;2019-08-21;[];iPhone 7 iPhone 7 back camera 3.99mm f/1.8;[-17.24161388888889, 32.80707222222222];1b4a2d122ed0160110dcfbb4a1625cf0;image;True;;prev_museum;Rotated 180;True;True;2;Madeira ;4032;test;32.81;-17.24
61;tCqKtGwB1ENIxZisSPxv;images2;4.163365;Ponta do Pargo ;Portugal;GPS_UNRESOLVED;2018-06-15T19:50:10;/Users/andregarstka/Pictures/Local/2018 - Madeira/;/Users/andregarstka/Pictures/Local/2018 - Madeira/IMG_3093.JPG;3024;2019-08-21;[];iPhone 7 iPhone 7 back camera 3.99mm f/1.8;[-17.240727777777778, 32.82195277777778];58103424fac38d4a6afabad2b12c1ded;image;True;;prev_museum;Rotated 180;True;True;2;Madeira ;4032;test;32.82;-17.24
62;2SqKtGwB1ENIxZisUPyv;images2;4.163365;Casa das Queimadas Santana ;Portugal;GPS_UNRESOLVED;2018-06-18T17:24:20;/Users/andregarstka/Pictures/Local/2018 - Madeira/;/Users/andregarstka/Pictures/Local/2018 - Madeira/IMG_3225.JPG;3024;2019-08-21;[];iPhone 7 iPhone 7 back camera 3.99mm f/1.8;[-16.90481111111111, 32.77739444444445];8285c0c0253a363212a8ba03a17a3680;image;True;;prev_museum;Rotated 90 CW;True;True;2;Madeira ;4032;test;32.78;-16.9
63;2iqKtGwB1ENIxZisUfwR;images2;4.163365;Casa das Queimadas Santana ;Portugal;GPS_UNRESOLVED;2018-06-18T20:08:44;/Users/andregarstka/Pictures/Local/2018 - Madeira/;/Users/andregarstka/Pictures/Local/2018 - Madeira/IMG_3233.JPG;3024;2019-08-21;[];iPhone 7 iPhone 7 back camera 3.99mm f/1.8;[-16.906563888888886, 32.783899999999996];2be9f596fdad02e5043c892ca2aa09bd;image;True;;prev_museum;Rotated 180;True;True;2;Madeira ;4032;test;32.78;-16.91
64;2yqKtGwB1ENIxZisUfxC;images2;4.163365;Serra de Água ;Portugal;GPS_UNRESOLVED;2018-06-17T16:26:21;/Users/andregarstka/Pictures/Local/2018 - Madeira/;/Users/andregarstka/Pictures/Local/2018 - Madeira/IMG_3186.JPG;3024;2019-08-21;[];iPhone 7 iPhone 7 back camera 3.99mm f/1.8;[-16.98761388888889, 32.736875];4f68d706e4f2f5e514b7ed86d2de37a4;image;True;;prev_museum;Horizontal (normal);True;True;2;Madeira ;4032;test;32.74;-16.99
65;3CqKtGwB1ENIxZisUfxp;images2;4.163365;Serra de Água ;Portugal;GPS_UNRESOLVED;2018-06-17T16:46:08;/Users/andregarstka/Pictures/Local/2018 - Madeira/;/Users/andregarstka/Pictures/Local/2018 - Madeira/IMG_3192.JPG;3024;2019-08-21;[];iPhone 7 iPhone 7 back camera 3.99mm f/1.8;[-16.987686111111113, 32.736736111111114];36e1e21894e8d9d704268828cb349194;image;True;;prev_museum;Rotated 180;True;True;2;Madeira ;4032;test;32.74;-16.99
66;3SqKtGwB1ENIxZisUfyR;images2;4.163365;Jardim da Serra ;Portugal;GPS_UNRESOLVED;2018-06-17T13:12:59;/Users/andregarstka/Pictures/Local/2018 - Madeira/;/Users/andregarstka/Pictures/Local/2018 - Madeira/IMG_3151.JPG;2452;2019-08-21;[];iPhone 7 iPhone 7 back camera 3.99mm f/1.8;[-16.986755555555558, 32.71105277777778];3b57dc32cef45cf1308412535eb86779;image;True;;prev_museum;Horizontal (normal);True;True;2;Madeira ;5000;test;32.71;-16.99
67;3iqKtGwB1ENIxZisUvwG;images2;4.163365;Serra de Água ;Portugal;GPS_UNRESOLVED;2018-06-17T17:19:26;/Users/andregarstka/Pictures/Local/2018 - Madeira/;/Users/andregarstka/Pictures/Local/2018 - Madeira/IMG_3193.JPG;3024;2019-08-21;[];iPhone 7 iPhone 7 back camera 3.99mm f/1.8;[-16.984194444444444, 32.73308611111111];1ab975fcb4178cd9bdb7b2df36e9152c;image;True;;prev_museum;Rotated 180;True;True;2;Madeira ;4032;test;32.73;-16.98
68;4CqKtGwB1ENIxZisUvx_;images2;4.163365;Casa das Queimadas Santana ;Portugal;GPS_UNRESOLVED;2018-06-18T20:08:49;/Users/andregarstka/Pictures/Local/2018 - Madeira/;/Users/andregarstka/Pictures/Local/2018 - Madeira/IMG_3236.JPG;3024;2019-08-21;[];iPhone 7 iPhone 7 back camera 3.99mm f/1.8;[-16.906558333333333, 32.783905555555556];f0a4a701f52723313524e798de3991a6;image;True;;prev_museum;Rotated 180;True;True;2;Madeira ;4032;test;32.78;-16.91
69;4SqKtGwB1ENIxZisUvz2;images2;4.163365;Ilha ;Portugal;GPS_UNRESOLVED;2018-06-18T17:15:47;/Users/andregarstka/Pictures/Local/2018 - Madeira/;/Users/andregarstka/Pictures/Local/2018 - Madeira/IMG_3222.JPG;2320;2019-08-21;[];iPhone 7 iPhone 7 front camera 2.87mm f/2.2;[-16.92291666666667, 32.784905555555554];5b4624ea78b1701f58c8c91474c1b408;image;True;;prev_museum;Rotated 180;True;True;2;Madeira ;3088;test;32.78;-16.92
70;4iqKtGwB1ENIxZisVPxD;images2;4.163365;Serra de Água ;Portugal;GPS_UNRESOLVED;2018-06-17T16:24:41;/Users/andregarstka/Pictures/Local/2018 - Madeira/;/Users/andregarstka/Pictures/Local/2018 - Madeira/IMG_3183.JPG;3024;2019-08-21;[];iPhone 7 iPhone 7 back camera 3.99mm f/1.8;[-16.987608333333334, 32.73688888888889];21b532a881e61e595c82c49e468f0d97;image;True;;prev_museum;Horizontal (normal);True;True;2;Madeira ;4032;test;32.74;-16.99
71;4yqKtGwB1ENIxZisVPx9;images2;4.163365;Serra de Água ;Portugal;GPS_UNRESOLVED;2018-06-17T18:03:42;/Users/andregarstka/Pictures/Local/2018 - Madeira/;/Users/andregarstka/Pictures/Local/2018 - Madeira/IMG_3197.JPG;3024;2019-08-21;[];iPhone 7 iPhone 7 back camera 3.99mm f/1.8;[-16.985083333333336, 32.72655555555556];d2953219f87dac23f68e9612aca00f86;image;True;;prev_museum;Rotated 180;True;True;2;Madeira ;4032;test;32.73;-16.99
72;5CqKtGwB1ENIxZisVPy4;images2;4.163365;Rabaçal Calheta ;Portugal;GPS_UNRESOLVED;2018-06-16T16:07:46;/Users/andregarstka/Pictures/Local/2018 - Madeira/;/Users/andregarstka/Pictures/Local/2018 - Madeira/IMG_3140.JPG;3024;2019-08-21;[];iPhone 7 iPhone 7 back camera 3.99mm f/1.8;[-17.125775, 32.76561111111111];0292c30e2565206cf5a29ac50e390618;image;True;;prev_museum;Rotated 90 CW;True;True;2;Madeira ;4032;test;32.77;-17.13
73;5SqKtGwB1ENIxZisVPz7;images2;4.163365;Serra de Água ;Portugal;GPS_UNRESOLVED;2018-06-17T13:55:22;/Users/andregarstka/Pictures/Local/2018 - Madeira/;/Users/andregarstka/Pictures/Local/2018 - Madeira/IMG_3154.JPG;3024;2019-08-21;[];iPhone 7 iPhone 7 back camera 3.99mm f/1.8;[-16.9906, 32.71647222222222];c047922499cad69c5fa6a649389a1232;image;True;;prev_museum;Rotated 180;True;True;2;Madeira ;4032;test;32.72;-16.99
74;5iqKtGwB1ENIxZisVfwr;images2;4.163365;Rabaçal Calheta ;Portugal;GPS_UNRESOLVED;2018-06-16T16:08:10;/Users/andregarstka/Pictures/Local/2018 - Madeira/;/Users/andregarstka/Pictures/Local/2018 - Madeira/IMG_3141.JPG;3024;2019-08-21;[];iPhone 7 iPhone 7 back camera 3.99mm f/1.8;[-17.12582777777778, 32.76562777777778];bd1f145273177724d998b38d9ed06a91;image;True;;prev_museum;Rotated 180;True;True;2;Madeira ;4032;test;32.77;-17.13
75;zSqKtGwB1ENIxZisTfyl;images2;4.163365;Ponta do Pargo ;Portugal;GPS_UNRESOLVED;2018-06-15T17:08:22;/Users/andregarstka/Pictures/Local/2018 - Madeira/;/Users/andregarstka/Pictures/Local/2018 - Madeira/IMG_3069.JPG;3024;2019-08-21;[];iPhone 7 iPhone 7 back camera 3.99mm f/1.8;[-17.223588888888887, 32.81919722222223];2adad5bf38429b6e8c067bf7eb2298f7;image;True;;prev_museum;-;True;True;2;Madeira ;4032;test;32.82;-17.22
76;ziqKtGwB1ENIxZisTfzu;images2;4.163365;Câmara de Lobos ;Portugal;GPS_UNRESOLVED;2018-06-14T23:25:39;/Users/andregarstka/Pictures/Local/2018 - Madeira/;/Users/andregarstka/Pictures/Local/2018 - Madeira/IMG_3055.JPG;3024;2019-08-21;[];iPhone 7 iPhone 7 back camera 3.99mm f/1.8;[-17.001402777777777, 32.657925];c94b800ca764ab115625d7c7e1bffcf5;image;True;;prev_museum;Rotated 180;True;True;2;Madeira ;4032;test;32.66;-17.0
77;0CqKtGwB1ENIxZisTvx_;images2;4.163365;Porto da Cruz ;Portugal;GPS_UNRESOLVED;2018-06-19T13:40:55;/Users/andregarstka/Pictures/Local/2018 - Madeira/;/Users/andregarstka/Pictures/Local/2018 - Madeira/IMG_3243.JPG;3024;2019-08-21;[];iPhone 7 iPhone 7 back camera 3.99mm f/1.8;[-16.826605555555556, 32.77475833333333];ac09667b0b79b9e88a06172aa585e8fa;image;True;;prev_museum;Horizontal (normal);True;True;2;Madeira ;4032;test;32.77;-16.83
78;0SqKtGwB1ENIxZisTvzL;images2;4.163365;Ilha ;Portugal;GPS_UNRESOLVED;2018-06-18T17:08:41;/Users/andregarstka/Pictures/Local/2018 - Madeira/;/Users/andregarstka/Pictures/Local/2018 - Madeira/IMG_3218.JPG;3024;2019-08-21;[];iPhone 7 iPhone 7 back camera 3.99mm f/1.8;[-16.923155555555557, 32.78319444444444];a400c30222db8822f144795cfdcdf597;image;True;;prev_museum;Rotated 180;True;True;2;Madeira ;4032;test;32.78;-16.92
79;0iqKtGwB1ENIxZisT_wV;images2;4.163365;Boa Ventura ;Portugal;GPS_UNRESOLVED;2018-06-18T18:20:24;/Users/andregarstka/Pictures/Local/2018 - Madeira/;/Users/andregarstka/Pictures/Local/2018 - Madeira/IMG_3230.JPG;3024;2019-08-21;[];iPhone 7 iPhone 7 back camera 3.99mm f/1.8;[-16.93517222222222, 32.77560555555556];5fc5e189132abf7f221e0461e10b3a7c;image;True;;prev_museum;Rotated 180;True;True;2;Madeira ;4032;test;32.78;-16.94
80;0yqKtGwB1ENIxZisT_w3;images2;4.163365;Serra de Água ;Portugal;GPS_UNRESOLVED;2018-06-17T16:44:20;/Users/andregarstka/Pictures/Local/2018 - Madeira/;/Users/andregarstka/Pictures/Local/2018 - Madeira/IMG_3191.JPG;3024;2019-08-21;[];iPhone 7 iPhone 7 back camera 3.99mm f/1.8;[-16.987619444444444, 32.736805555555556];581af1f8416866075f46af5b70e87ed9;image;True;;prev_museum;Rotated 180;True;True;2;Madeira ;4032;test;32.74;-16.99
81;1CqKtGwB1ENIxZisT_x1;images2;4.163365;Serra de Água ;Portugal;GPS_UNRESOLVED;2018-06-17T16:26:11;/Users/andregarstka/Pictures/Local/2018 - Madeira/;/Users/andregarstka/Pictures/Local/2018 - Madeira/IMG_3185.JPG;3024;2019-08-21;[];iPhone 7 iPhone 7 back camera 3.99mm f/1.8;[-16.987580555555557, 32.736897222222225];d3e3a4720302d357367322235311c2c0;image;True;;prev_museum;Horizontal (normal);True;True;2;Madeira ;4032;test;32.74;-16.99
82;1SqKtGwB1ENIxZisT_yu;images2;4.163365;Jardim da Serra ;Portugal;GPS_UNRESOLVED;2018-06-17T13:47:42;/Users/andregarstka/Pictures/Local/2018 - Madeira/;/Users/andregarstka/Pictures/Local/2018 - Madeira/IMG_3152.JPG;3024;2019-08-21;[];iPhone 7 iPhone 7 back camera 3.99mm f/1.8;[-16.98894166666667, 32.71443055555556];f9960040be17c5e191e6f89ce2784e03;image;True;;prev_museum;Rotated 180;True;True;2;Madeira ;4032;test;32.71;-16.99
83;1yqKtGwB1ENIxZisUPw6;images2;4.163365;Serra de Água ;Portugal;GPS_UNRESOLVED;2018-06-17T16:44:09;/Users/andregarstka/Pictures/Local/2018 - Madeira/;/Users/andregarstka/Pictures/Local/2018 - Madeira/IMG_3190.JPG;3024;2019-08-21;[];iPhone 7 iPhone 7 back camera 3.99mm f/1.8;[-16.98765277777778, 32.736775];fc934526d3dd5be67fe72b20ee0bdc47;image;True;;prev_museum;Rotated 180;True;True;2;Madeira ;4032;test;32.74;-16.99
84;DCqKtGwB1ENIxZisXf03;images2;4.163365;Ponta do Pargo ;Portugal;GPS_UNRESOLVED;2018-06-15T16:17:39;/Users/andregarstka/Pictures/Local/2018 - Madeira/;/Users/andregarstka/Pictures/Local/2018 - Madeira/IMG_3065.JPG;3024;2019-08-21;[];iPhone 7 iPhone 7 back camera 3.99mm f/1.8;[-17.23147222222222, 32.813316666666665];92b19a768490767bc0f5cb8803741290;image;True;;prev_museum;Rotated 180;True;True;2;Madeira ;4032;test;32.81;-17.23
85;DSqKtGwB1ENIxZisXf18;images2;4.163365;Ponta do Pargo ;Portugal;GPS_UNRESOLVED;2018-06-15T20:21:07;/Users/andregarstka/Pictures/Local/2018 - Madeira/;/Users/andregarstka/Pictures/Local/2018 - Madeira/IMG_3098.JPG;3024;2019-08-21;['Nice'];iPhone 7 iPhone 7 back camera 3.99mm f/1.8;[-17.25653888888889, 32.80950555555555];6cef20abedf1da1c4c0e34fe65e7a29f;image;True;;prev_museum;Rotated 180;True;True;3;Madeira ;4032;test;32.81;-17.26
86;DiqKtGwB1ENIxZisXf2-;images2;4.163365;Ponta do Pargo ;Portugal;GPS_UNRESOLVED;2018-06-15T18:51:01;/Users/andregarstka/Pictures/Local/2018 - Madeira/;/Users/andregarstka/Pictures/Local/2018 - Madeira/IMG_3073.JPG;3024;2019-08-21;[];iPhone 7 iPhone 7 back camera 3.99mm f/1.8;[-17.236716666666666, 32.83116666666667];f31c0afdb29060ccd321c9b12f07a355;image;True;;prev_museum;Rotated 180;True;True;2;Madeira ;4032;test;32.83;-17.24
87;DyqKtGwB1ENIxZisXv13;images2;4.163365;Rabaçal Calheta ;Portugal;GPS_UNRESOLVED;2018-06-16T12:11:14;/Users/andregarstka/Pictures/Local/2018 - Madeira/;/Users/andregarstka/Pictures/Local/2018 - Madeira/IMG_3107.JPG;3024;2019-08-21;[];iPhone 7 iPhone 7 back camera 3.99mm f/1.8;[-17.12608611111111, 32.747769444444444];7da624018e8b236ebf4bcae59ae061b1;image;True;;prev_museum;Horizontal (normal);True;True;2;Madeira ;4032;test;32.75;-17.13
88;ECqKtGwB1ENIxZisX_1G;images2;4.163365;Rabaçal Calheta ;Portugal;GPS_UNRESOLVED;2018-06-16T12:47:26;/Users/andregarstka/Pictures/Local/2018 - Madeira/;/Users/andregarstka/Pictures/Local/2018 - Madeira/IMG_3112.JPG;3024;2019-08-21;[];iPhone 7 iPhone 7 back camera 3.99mm f/1.8;[-17.13081111111111, 32.75405];a05271ae34dbcf87ed8c965b0c86bdfc;image;True;;prev_museum;Rotated 180;True;True;2;Madeira ;4032;test;32.75;-17.13
89;ESqKtGwB1ENIxZisZf1g;images2;4.163365;Rabaçal Calheta ;Portugal;GPS_UNRESOLVED;2018-06-16T12:10:48;/Users/andregarstka/Pictures/Local/2018 - Madeira/;/Users/andregarstka/Pictures/Local/2018 - Madeira/IMG_3106.JPG;3024;2019-08-21;[];iPhone 7 iPhone 7 back camera 3.99mm f/1.8;[-17.126116666666668, 32.74774444444444];a3a7489237c3b95c65869414f26a3878;image;True;;prev_museum;Horizontal (normal);True;True;2;Madeira ;4032;test;32.75;-17.13
90;EiqKtGwB1ENIxZisZv0B;images2;4.163365;Ponta do Pargo ;Portugal;GPS_UNRESOLVED;2018-06-15T16:28:23;/Users/andregarstka/Pictures/Local/2018 - Madeira/;/Users/andregarstka/Pictures/Local/2018 - Madeira/IMG_3066.JPG;3024;2019-08-21;[];iPhone 7 iPhone 7 back camera 3.99mm f/1.8;[-17.22908888888889, 32.81509444444444];e201d4f6fa23f608b0e8b83f4003b5fe;image;True;;prev_museum;Rotated 180;True;True;2;Madeira ;4032;test;32.82;-17.23
91;EyqKtGwB1ENIxZisZv2h;images2;4.163365;Ponta do Pargo ;Portugal;GPS_UNRESOLVED;2018-06-15T18:44:23;/Users/andregarstka/Pictures/Local/2018 - Madeira/;/Users/andregarstka/Pictures/Local/2018 - Madeira/IMG_3072.JPG;3024;2019-08-21;[];iPhone 7 iPhone 7 back camera 3.99mm f/1.8;[-17.234638888888888, 32.83139166666667];399a4c734f901e7e1ed0e92a1f4c4b3d;image;True;;prev_museum;Rotated 90 CW;True;True;2;Madeira ;4032;test;32.83;-17.23
92;FCqKtGwB1ENIxZisZ_1d;images2;4.163365;Fajã da Ovelha ;Portugal;GPS_UNRESOLVED;2018-06-15T21:18:31;/Users/andregarstka/Pictures/Local/2018 - Madeira/;/Users/andregarstka/Pictures/Local/2018 - Madeira/IMG_3099.JPG;3024;2019-08-21;[];iPhone 7 iPhone 7 back camera 3.99mm f/1.8;[-17.23266111111111, 32.78351111111111];2a6dd3db2794c6a1df61a924ce839d4f;image;True;;prev_museum;Rotated 180;True;True;2;Madeira ;4032;test;32.78;-17.23
93;FSqKtGwB1ENIxZisZ_3B;images2;4.163365;Santa Cruz ;Portugal;GPS_UNRESOLVED;2018-06-19T15:56:12;/Users/andregarstka/Pictures/Local/2018 - Madeira/;/Users/andregarstka/Pictures/Local/2018 - Madeira/IMG_3248.JPG;3024;2019-08-21;[];iPhone 7 iPhone 7 back camera 3.99mm f/1.8;[-16.776233333333334, 32.69398888888889];20cc309d715f09cd02f2a60559247a7a;image;True;;prev_museum;Rotated 180;True;True;2;Madeira ;4032;test;32.69;-16.78
94;FiqKtGwB1ENIxZisaP0T;images2;4.163365;Ponta do Pargo ;Portugal;GPS_UNRESOLVED;2018-06-15T19:41:41;/Users/andregarstka/Pictures/Local/2018 - Madeira/;/Users/andregarstka/Pictures/Local/2018 - Madeira/IMG_3089.JPG;3024;2019-08-21;[];iPhone 7 iPhone 7 back camera 3.99mm f/1.8;[-17.239686111111112, 32.82564444444445];aeb98c56d9295d19e18507d0af91bcc0;image;True;;prev_museum;Rotated 90 CW;True;True;2;Madeira ;4032;test;32.83;-17.24
95;qyqKtGwB1ENIxZisRfxL;images2;4.163365;Ponta do Pargo ;Portugal;GPS_UNRESOLVED;2018-06-15T19:31:04;/Users/andregarstka/Pictures/Local/2018 - Madeira/;/Users/andregarstka/Pictures/Local/2018 - Madeira/IMG_3086.JPG;3024;2019-08-21;[];iPhone 7 iPhone 7 back camera 3.99mm f/1.8;[-17.238669444444444, 32.828183333333335];9dcab6c6190fdfb87eb5b6d520834ea6;image;True;;prev_museum;Rotated 180;True;True;2;Madeira ;4032;test;32.83;-17.24
96;rSqKtGwB1ENIxZisRvwu;images2;4.163365;Ponta do Pargo ;Portugal;GPS_UNRESOLVED;2018-06-15T19:06:23;/Users/andregarstka/Pictures/Local/2018 - Madeira/;/Users/andregarstka/Pictures/Local/2018 - Madeira/IMG_3079.JPG;3024;2019-08-21;[];iPhone 7 iPhone 7 back camera 3.99mm f/1.8;[-17.240780555555556, 32.829863888888895];52e8395e4ec25ffc68da579bcd8075ca;image;True;;prev_museum;Rotated 180;True;True;2;Madeira ;4032;test;32.83;-17.24
97;riqKtGwB1ENIxZisRvx8;images2;4.163365;Caniçal ;Portugal;GPS_UNRESOLVED;2018-06-14T19:23:12;/Users/andregarstka/Pictures/Local/2018 - Madeira/;/Users/andregarstka/Pictures/Local/2018 - Madeira/IMG_3045.JPG;3024;2019-08-21;[];iPhone 7 iPhone 7 back camera 3.99mm f/1.8;[-16.69769722222222, 32.748925];85bea24fce6c48c5f0ac140bd7989417;image;True;;prev_museum;Rotated 180;True;True;2;Madeira ;4032;test;32.75;-16.7
98;ryqKtGwB1ENIxZisRvzu;images2;4.163365;Rabaçal Calheta ;Portugal;GPS_UNRESOLVED;2018-06-16T13:56:46;/Users/andregarstka/Pictures/Local/2018 - Madeira/;/Users/andregarstka/Pictures/Local/2018 - Madeira/IMG_3119.JPG;3024;2019-08-21;[];iPhone 7 iPhone 7 back camera 3.99mm f/1.8;[-17.12366388888889, 32.760872222222226];7dbc59b4364d1f4b62d0c8eee1a81a4d;image;True;;prev_museum;Rotated 90 CW;True;True;2;Madeira ;4032;test;32.76;-17.12
99;sCqKtGwB1ENIxZisR_xQ;images2;4.163365;Rabaçal Calheta ;Portugal;GPS_UNRESOLVED;2018-06-16T14:02:47;/Users/andregarstka/Pictures/Local/2018 - Madeira/;/Users/andregarstka/Pictures/Local/2018 - Madeira/IMG_3124.JPG;3024;2019-08-21;[];iPhone 7 iPhone 7 back camera 3.99mm f/1.8;[-17.12312777777778, 32.760666666666665];58c7d5c8e04dd6e489072277cc953343;image;True;;prev_museum;Rotated 180;True;True;2;Madeira ;4032;test;32.76;-17.12
100;sSqKtGwB1ENIxZisR_yy;images2;4.163365;Rabaçal Calheta ;Portugal;GPS_UNRESOLVED;2018-06-16T14:45:46;/Users/andregarstka/Pictures/Local/2018 - Madeira/;/Users/andregarstka/Pictures/Local/2018 - Madeira/IMG_3130.JPG;3024;2019-08-21;[];iPhone 7 iPhone 7 back camera 3.99mm f/1.8;[-17.125458333333334, 32.761469444444444];17e1821ae5d037b3749b4b8e093c86df;image;True;;prev_museum;Rotated 90 CW;True;True;2;Madeira ;4032;test;32.76;-17.13
101;siqKtGwB1ENIxZisR_zy;images2;4.163365;Rabaçal Calheta ;Portugal;GPS_UNRESOLVED;2018-06-16T13:54:24;/Users/andregarstka/Pictures/Local/2018 - Madeira/;/Users/andregarstka/Pictures/Local/2018 - Madeira/IMG_3118.JPG;3024;2019-08-21;[];iPhone 7 iPhone 7 back camera 3.99mm f/1.8;[-17.124022222222223, 32.76133611111111];7959f40c30c2145b8f572747db4fe359;image;True;;prev_museum;Rotated 90 CW;True;True;2;Madeira ;4032;test;32.76;-17.12
102;xyqKtGwB1ENIxZisTPxn;images2;4.163365;Ponta do Pargo ;Portugal;GPS_UNRESOLVED;2018-06-15T19:10:31;/Users/andregarstka/Pictures/Local/2018 - Madeira/;/Users/andregarstka/Pictures/Local/2018 - Madeira/IMG_3083.JPG;3024;2019-08-21;[];iPhone 7 iPhone 7 back camera 3.99mm f/1.8;[-17.240761111111112, 32.82993333333334];38104f024e6fec67b254ba9a3fafefe9;image;True;;prev_museum;Rotated 180;True;True;2;Madeira ;4032;test;32.83;-17.24
103;yCqKtGwB1ENIxZisTPyi;images2;4.163365;Ponta do Pargo ;Portugal;GPS_UNRESOLVED;2018-06-15T20:20:44;/Users/andregarstka/Pictures/Local/2018 - Madeira/;/Users/andregarstka/Pictures/Local/2018 - Madeira/IMG_3097.JPG;3024;2019-08-21;['Nice'];iPhone 7 iPhone 7 back camera 3.99mm f/1.8;[-17.256525, 32.80950555555555];8ae3ba325d16d825c6bb517ba0312903;image;True;;prev_museum;Rotated 180;True;True;3;Madeira ;4032;test;32.81;-17.26
104;ySqKtGwB1ENIxZisTPzW;images2;4.163365;Câmara de Lobos ;Portugal;GPS_UNRESOLVED;2018-06-14T23:23:42;/Users/andregarstka/Pictures/Local/2018 - Madeira/;/Users/andregarstka/Pictures/Local/2018 - Madeira/IMG_3054.JPG;3024;2019-08-21;[];iPhone 7 iPhone 7 back camera 3.99mm f/1.8;[-17.001658333333335, 32.657630555555556];8babe8702bf84935e75de7b28dd2ab85;image;True;;prev_museum;Rotated 180;True;True;2;Madeira ;4032;test;32.66;-17.0
105;yiqKtGwB1ENIxZisTfwG;images2;4.163365;Ponta do Pargo ;Portugal;GPS_UNRESOLVED;2018-06-15T16:31:14;/Users/andregarstka/Pictures/Local/2018 - Madeira/;/Users/andregarstka/Pictures/Local/2018 - Madeira/IMG_3068.JPG;3024;2019-08-21;[];iPhone 7 iPhone 7 back camera 3.99mm f/1.8;[-17.228405555555554, 32.81592222222222];74b8ca0d698c9e2e9e864abff3bedd9f;image;True;;prev_museum;Rotated 180;True;True;2;Madeira ;4032;test;32.82;-17.23
106;yyqKtGwB1ENIxZisTfw7;images2;4.163365;Rabaçal Calheta ;Portugal;GPS_UNRESOLVED;2018-06-16T15:38:31;/Users/andregarstka/Pictures/Local/2018 - Madeira/;/Users/andregarstka/Pictures/Local/2018 - Madeira/IMG_3134.JPG;2320;2019-08-21;[];iPhone 7 iPhone 7 front camera 2.87mm f/2.2;[-17.125700000000002, 32.765188888888886];b609853531415ee46692ac784565ef17;image;True;;prev_museum;Horizontal (normal);True;True;2;Madeira ;3088;test;32.77;-17.13
107;zCqKtGwB1ENIxZisTfx6;images2;4.163365;Rabaçal Calheta ;Portugal;GPS_UNRESOLVED;2018-06-16T13:59:05;/Users/andregarstka/Pictures/Local/2018 - Madeira/;/Users/andregarstka/Pictures/Local/2018 - Madeira/IMG_3120.JPG;3024;2019-08-21;[];iPhone 7 iPhone 7 back camera 3.99mm f/1.8;[-17.123080555555557, 32.760822222222224];8cce87d0b87f1ff36b1c2f98a5ef8bf8;image;True;;prev_museum;Rotated 90 CW;True;True;2;Madeira ;4032;test;32.76;-17.12
108;qiqKtGwB1ENIxZisRPz7;images2;4.163365;Santa Cruz ;Portugal;GPS_UNRESOLVED;2018-06-19T15:30:57;/Users/andregarstka/Pictures/Local/2018 - Madeira/;/Users/andregarstka/Pictures/Local/2018 - Madeira/IMG_3247.JPG;3024;2019-08-21;[];iPhone 7 iPhone 7 back camera 3.99mm f/1.8;[-16.775752777777775, 32.69370555555555];52670361d28e6ec7db7c6981f18469f6;image;True;;prev_museum;Rotated 180;True;True;2;Madeira ;4032;test;32.69;-16.78
109;rCqKtGwB1ENIxZisRfyv;images2;4.163365;Ponta do Pargo ;Portugal;GPS_UNRESOLVED;2018-06-15T19:47:46;/Users/andregarstka/Pictures/Local/2018 - Madeira/;/Users/andregarstka/Pictures/Local/2018 - Madeira/IMG_3092.JPG;3024;2019-08-21;[];iPhone 7 iPhone 7 back camera 3.99mm f/1.8;[-17.240325000000002, 32.82271111111111];4b0a091c64b6c128c15358bdad2724c4;image;True;;prev_museum;Rotated 180;True;True;2;Madeira ;4032;test;32.82;-17.24
110;syqKtGwB1ENIxZisSPw0;images2;4.163365;;Portugal;GPS_UNRESOLVED;2018-06-14T20:04:39;/Users/andregarstka/Pictures/Local/2018 - Madeira/;/Users/andregarstka/Pictures/Local/2018 - Madeira/IMG_3050.JPG;3024;2019-08-21;[];iPhone 7 iPhone 7 back camera 3.99mm f/1.8;[-16.691766666666666, 32.74768888888889];33d4167b0ebe75a06e9abe6b6c138306;image;True;;prev_museum;Rotated 180;True;True;2;;4032;test;32.75;-16.69
111;3yqKtGwB1ENIxZisUvxM;images2;4.163365;Serra de Água ;Portugal;GPS_UNRESOLVED;2018-06-17T16:26:36;/Users/andregarstka/Pictures/Local/2018 - Madeira/;/Users/andregarstka/Pictures/Local/2018 - Madeira/IMG_3187.JPG;2320;2019-08-21;['Nice'];iPhone 7 iPhone 7 front camera 2.87mm f/2.2;[-16.987608333333334, 32.73688888888889];1763c28a1b601168e2d89fa671f8c7ab;image;True;True;prev_museum;Rotated 180;True;True;3;Madeira ;3088;test;32.74;-16.99
112;1iqKtGwB1ENIxZisUPwB;images2;4.163365;Serra de Água ;Portugal;GPS_UNRESOLVED;2018-06-17T16:25:02;/Users/andregarstka/Pictures/Local/2018 - Madeira/;/Users/andregarstka/Pictures/Local/2018 - Madeira/IMG_3184.JPG;3024;2019-08-21;['Nice'];iPhone 7 iPhone 7 back camera 3.99mm f/1.8;[-16.987497222222224, 32.736602777777776];7fb925d9ac8da875e4cbac89ec3f7939;image;True;True;prev_museum;Horizontal (normal);True;True;3;Madeira ;4032;test;32.74;-16.99
113;BCqKtGwB1ENIxZisW_0w;images2;4.163365;Casa das Queimadas Santana ;Portugal;GPS_UNRESOLVED;2018-06-18T16:01:13;/Users/andregarstka/Pictures/Local/2018 - Madeira/;/Users/andregarstka/Pictures/Local/2018 - Madeira/IMG_3215.JPG;3024;2019-08-21;['Nice'];iPhone 7 iPhone 7 back camera 3.99mm f/1.8;[-16.913563888888888, 32.78293611111111];ca8a14b886dbc8b901c99729647541c1;image;True;True;prev_museum;Rotated 180;True;True;3;Madeira ;4032;test;32.78;-16.91
114;zyqKtGwB1ENIxZisTvwa;images2;4.163365;Ponta do Pargo ;Portugal;GPS_UNRESOLVED;2018-06-15T20:05:44;/Users/andregarstka/Pictures/Local/2018 - Madeira/;/Users/andregarstka/Pictures/Local/2018 - Madeira/IMG_3096.JPG;3024;2019-08-21;['Nice'];iPhone 7 iPhone 7 back camera 3.99mm f/1.8;[-17.243516666666668, 32.81810277777778];8cc147e21b125193d3d27acedd571441;image;True;True;prev_museum;Rotated 180;True;True;3;Madeira ;4032;test;32.82;-17.24
115;CSqKtGwB1ENIxZisXP1Z;images2;4.163365;Rabaçal Calheta ;Portugal;GPS_UNRESOLVED;2018-06-16T12:47:15;/Users/andregarstka/Pictures/Local/2018 - Madeira/;/Users/andregarstka/Pictures/Local/2018 - Madeira/IMG_3111.JPG;3024;2019-08-21;['Nice'];iPhone 7 iPhone 7 back camera 3.99mm f/1.8;[-17.130744444444446, 32.754075];9107da5eeaf9c2d4c33815feca30eb4d;image;True;True;prev_museum;Rotated 180;True;True;3;Madeira ;4032;test;32.75;-17.13
116;tSqKtGwB1ENIxZisSPyg;images2;4.163365;Ponta do Pargo ;Portugal;GPS_UNRESOLVED;2018-06-15T19:41:30;/Users/andregarstka/Pictures/Local/2018 - Madeira/;/Users/andregarstka/Pictures/Local/2018 - Madeira/IMG_3087.JPG;3024;2019-08-21;['Nice'];iPhone 7 iPhone 7 back camera 3.99mm f/1.8;[-17.23967777777778, 32.825675000000004];7e17939c2986c9f3dc05e5eba133a832;image;True;True;prev_museum;Rotated 90 CW;True;True;3;Madeira ;4032;test;32.83;-17.24
117;9SqKtGwB1ENIxZisWPxO;images2;4.163365;Serra de Água ;Portugal;GPS_UNRESOLVED;2018-06-17T14:27:55;/Users/andregarstka/Pictures/Local/2018 - Madeira/;/Users/andregarstka/Pictures/Local/2018 - Madeira/IMG_3158.JPG;3024;2019-08-21;['Nice'];iPhone 7 iPhone 7 back camera 3.99mm f/1.8;[-16.990091666666668, 32.722411111111114];8ceb985b33f828bdca4af06c371f9df0;image;True;True;prev_museum;Rotated 180;True;True;3;Madeira ;4032;test;32.72;-16.99
118;uSqKtGwB1ENIxZisSfxx;images2;4.163365;;Portugal;GPS_UNRESOLVED;2018-06-14T20:04:50;/Users/andregarstka/Pictures/Local/2018 - Madeira/;/Users/andregarstka/Pictures/Local/2018 - Madeira/IMG_3052.JPG;3024;2019-08-21;['Nice'];iPhone 7 iPhone 7 back camera 3.99mm f/1.8;[-16.691769444444446, 32.74768888888889];58cc6325e1360b83a49dc43d81c33412;image;True;True;prev_museum;Rotated 180;True;True;3;;4032;test;32.75;-16.69
119;_SqKtGwB1ENIxZisWvxD;images2;4.163365;Serra de Água ;Portugal;GPS_UNRESOLVED;2018-06-17T18:44:48;/Users/andregarstka/Pictures/Local/2018 - Madeira/;/Users/andregarstka/Pictures/Local/2018 - Madeira/IMG_3200.JPG;2320;2019-08-21;['Nice'];iPhone 7 iPhone 7 front camera 2.87mm f/2.2;[-16.990275, 32.719433333333335];08724036db0cb4f7d1bb6f8ca41a9380;image;True;True;prev_museum;Horizontal (normal);True;True;3;Madeira ;3088;test;32.72;-16.99
120;9iqKtGwB1ENIxZisWPzR;images2;4.163365;Serra de Água ;Portugal;GPS_UNRESOLVED;2018-06-17T15:52:00;/Users/andregarstka/Pictures/Local/2018 - Madeira/;/Users/andregarstka/Pictures/Local/2018 - Madeira/IMG_3170.JPG;3024;2019-08-21;['Nice'];iPhone 7 iPhone 7 back camera 3.99mm f/1.8;[-16.98551666666667, 32.73527222222222];c3fd0da6c1064c08f654a1ee1b93461a;image;True;True;prev_museum;Rotated 180;True;True;3;Madeira ;4032;test;32.74;-16.99
121;ACqKtGwB1ENIxZisWv2i;images2;4.163365;Serra de Água ;Portugal;GPS_UNRESOLVED;2018-06-17T16:44:02;/Users/andregarstka/Pictures/Local/2018 - Madeira/;/Users/andregarstka/Pictures/Local/2018 - Madeira/IMG_3189.JPG;3024;2019-08-21;['Nice'];iPhone 7 iPhone 7 back camera 3.99mm f/1.8;[-16.9877, 32.73672777777778];ad10554521090ffec8a77fe008a1ad2f;image;True;True;prev_museum;Rotated 180;True;True;3;Madeira ;4032;test;32.74;-16.99
122;-SqKtGwB1ENIxZisWfyb;images2;4.163365;Serra de Água ;Portugal;GPS_UNRESOLVED;2018-06-17T14:58:45;/Users/andregarstka/Pictures/Local/2018 - Madeira/;/Users/andregarstka/Pictures/Local/2018 - Madeira/IMG_3161.JPG;3024;2019-08-21;['Nice'];iPhone 7 iPhone 7 back camera 3.99mm f/1.8;[-16.985730555555556, 32.73088055555556];00a9e65c7d4fa6a9ba5246451a2a9ab1;image;True;True;prev_museum;Rotated 180;True;True;3;Madeira ;4032;test;32.73;-16.99
123;_CqKtGwB1ENIxZisWvwd;images2;4.163365;Ilha ;Portugal;GPS_UNRESOLVED;2018-06-18T16:10:54;/Users/andregarstka/Pictures/Local/2018 - Madeira/;/Users/andregarstka/Pictures/Local/2018 - Madeira/IMG_3216.JPG;3024;2019-08-21;['Nice'];iPhone 7 iPhone 7 back camera 3.99mm f/1.8;[-16.916841666666667, 32.78084444444444];d4595f1a557de10556f376474322f425;image;True;True;prev_museum;Rotated 180;True;True;3;Madeira ;4032;test;32.78;-16.92
124;2CqKtGwB1ENIxZisUPx0;images2;4.163365;Boa Ventura ;Portugal;GPS_UNRESOLVED;2018-06-18T18:47:24;/Users/andregarstka/Pictures/Local/2018 - Madeira/;/Users/andregarstka/Pictures/Local/2018 - Madeira/IMG_3231.JPG;3024;2019-08-21;['Nice'];iPhone 7 iPhone 7 back camera 3.99mm f/1.8;[-16.935166666666667, 32.77558611111111];509b5e3b4990da9c486d6fdf4afd3d8e;image;True;True;prev_museum;Rotated 180;True;True;3;Madeira ;4032;test;32.78;-16.94
125;mUNxm28BfrlewOomQyGZ;images2;4.163365;GPS_NO_LOC;GPS_NO_LOC;;2018-06-14T19:35:36;/Users/andregarstka/Pictures/Local/2018 - Madeira/;/Users/andregarstka/Pictures/Local/2018 - Madeira/20180614_193536.jpg;3024;2020-01-12;[];SM-G950F -;[];f06c5bcbacb6f158a9a9878280800c8b;image;True;;;Horizontal (normal);;;2;GPS_NO_LOC;4032;test;0.0;0.0
126;mkNxm28BfrlewOomRCEL;images2;4.163365;GPS_NO_LOC;GPS_NO_LOC;;2018-06-16T13:54:58;/Users/andregarstka/Pictures/Local/2018 - Madeira/;/Users/andregarstka/Pictures/Local/2018 - Madeira/20180616_135459.jpg;3024;2020-01-12;[];SM-G950F -;[];64251dec3021a77fb70f58c488b4703d;image;True;;;Horizontal (normal);;;2;GPS_NO_LOC;4032;test;0.0;0.0
127;mENxm28BfrlewOomQyEZ;images2;4.163365;Caniçal ;Portugal;Machico ;2018-06-14T19:19:39;/Users/andregarstka/Pictures/Local/2018 - Madeira/;/Users/andregarstka/Pictures/Local/2018 - Madeira/20180614_191939.jpg;3024;2020-01-12;[];SM-G950F -;[-16.698055555555555, 32.74805555555556];a47b6ea314e860e886c8cecb00411d91;image;True;;;Horizontal (normal);True;;2;Madeira ;4032;test;32.75;-16.7
128;l0Nxm28BfrlewOomQSHi;images2;4.163365;Caniçal ;Portugal;Machico ;2018-06-14T19:22:01;/Users/andregarstka/Pictures/Local/2018 - Madeira/;/Users/andregarstka/Pictures/Local/2018 - Madeira/20180614_192202.jpg;3024;2020-01-12;[];SM-G950F -;[-16.6975, 32.74916666666667];cb46515cf6a7d4f17023bb4dd9166da2;image;True;;;Horizontal (normal);True;;2;Madeira ;4032;test;32.75;-16.7
129;m0Nxm28BfrlewOomRCGl;images2;4.163365;Rabaçal Calheta ;Portugal;Calheta ;2018-06-16T15:34:52;/Users/andregarstka/Pictures/Local/2018 - Madeira/;/Users/andregarstka/Pictures/Local/2018 - Madeira/20180616_153453.jpg;3024;2020-01-12;[];SM-G950F -;[-17.125555555555557, 32.76555555555556];d5eea0dcfab5b2b804295785e348958e;image;True;;;Horizontal (normal);True;;2;Madeira ;4032;test;32.77;-17.13
130;nENxm28BfrlewOomRSF8;images2;4.163365;Câmara de Lobos ;Portugal;Câmara de Lobos ;2018-06-16T18:19:46;/Users/andregarstka/Pictures/Local/2018 - Madeira/;/Users/andregarstka/Pictures/Local/2018 - Madeira/20180616_181946.jpg;3024;2020-01-12;[];SM-G950F -;[-17.004444444444445, 32.656388888888884];1f7cc3ab649cf5b565a820fb10b6f105;image;True;;;Horizontal (normal);True;;2;Madeira ;4032;test;32.66;-17.0
