;_index;_type;_id;_score;_source.date;_source.country;_source.orientation;_source.metadata;_source.keywords;_source.city;_source.rating;_source.county;_source.media;_source.lens;_source.dirname;_source.filename;_source.museum;_source.imported;_source.width;_source.placeInterpolated;_source.location;_source.state;_source.place;_source.height;_source.md5;long;lat
0;images2;test;sirMtWwB1ENIxZist_7s;8.396343;2018-12-31T16:10:19;Nederland;Rotated 180;True;[];Den Haag Den Haag ;2;;image;iPhone 7 iPhone 7 back camera 3.99mm f/1.8;/Users/andregarstka/Pictures/Local/2018 - Den Haag/;/Users/andregarstka/Pictures/Local/2018 - Den Haag/IMG_6434.JPG;prev_museum;2019-08-21;4032;True;[4.281036111111111, 52.113594444444445];Zuid-Holland ;True;3024;a1575921bbfc7f310ccc02a8723b6642;52.11;4.28
1;images2;test;syrMtWwB1ENIxZisuP5a;8.396343;2018-12-31T12:59:16;Nederland;Horizontal (normal);True;['Similar'];Den Haag Den Haag ;1;;image;iPhone 7 iPhone 7 back camera 3.99mm f/1.8;/Users/andregarstka/Pictures/Local/2018 - Den Haag/;/Users/andregarstka/Pictures/Local/2018 - Den Haag/IMG_6391.JPG;prev_museum;2019-08-21;4032;True;[4.278572222222222, 52.113955555555556];Zuid-Holland ;True;3024;89f48d5e6791e09f8d929ac7aa2412b5;52.11;4.28
2;images2;test;tCrMtWwB1ENIxZisvP7w;8.396343;2018-12-31T13:45:29;Nederland;Horizontal (normal);True;[];Den Haag Den Haag ;2;;image;SM-G960F -;/Users/andregarstka/Pictures/Local/2018 - Den Haag/;/Users/andregarstka/Pictures/Local/2018 - Den Haag/20181231_134529.jpg;prev_museum;2019-08-21;3264;True;[4.283333333333333, 52.11555555555556];Zuid-Holland ;True;2448;380728e92e9b43347f84468ad46b6d4e;52.12;4.28
3;images2;test;tSrMtWwB1ENIxZisvf4m;8.396343;2018-12-30T21:18:03;Nederland;Rotated 180;True;['Similar'];Den Haag Den Haag ;1;;image;iPhone 7 iPhone 7 back camera 3.99mm f/1.8;/Users/andregarstka/Pictures/Local/2018 - Den Haag/;/Users/andregarstka/Pictures/Local/2018 - Den Haag/IMG_6378.JPG;prev_museum;2019-08-21;4032;True;[4.312255555555556, 52.07815277777778];Zuid-Holland ;True;3024;4b22cdd2bd04d9176849640ecf0065a5;52.08;4.31
4;images2;test;tirMtWwB1ENIxZisvf5c;8.396343;2018-12-31T15:16:12;Nederland;Rotated 180;True;['Nice'];Den Haag Den Haag ;3;;image;iPhone 7 iPhone 7 back camera 3.99mm f/1.8;/Users/andregarstka/Pictures/Local/2018 - Den Haag/;/Users/andregarstka/Pictures/Local/2018 - Den Haag/IMG_6422.JPG;prev_museum;2019-08-21;4032;True;[4.280805555555555, 52.11318333333333];Zuid-Holland ;True;3024;5c439dbe2965b488f34ba3d627e74a57;52.11;4.28
5;images2;test;tyrMtWwB1ENIxZisvf6Z;8.396343;2018-12-30T15:11:22;Nederland;Rotated 180;True;[];Den Haag Den Haag ;2;;image;iPhone 7 iPhone 7 back camera 3.99mm f/1.8;/Users/andregarstka/Pictures/Local/2018 - Den Haag/;/Users/andregarstka/Pictures/Local/2018 - Den Haag/IMG_6350.JPG;prev_museum;2019-08-21;4032;True;[4.311166666666667, 52.078072222222225];Zuid-Holland ;True;3024;2ea276c7122ce3aa2de97d8c9230f75f;52.08;4.31
6;images2;test;uCrMtWwB1ENIxZisvv5M;8.396343;2019-01-01T19:59:39;Deutschland;Rotated 180;True;['Similar'];Dortmund Hombruch ;1;;image;iPhone 7 iPhone 7 back camera 3.99mm f/1.8;/Users/andregarstka/Pictures/Local/2018 - Den Haag/;/Users/andregarstka/Pictures/Local/2018 - Den Haag/IMG_6581.JPG;prev_museum;2019-08-21;4032;True;[7.436338888888889, 51.49283611111111];Nordrhein-Westfalen ;True;3024;f58d42b6891eb2f97e8234ef922f524d;51.49;7.44
7;images2;test;nSrMtWwB1ENIxZiss_50;8.396343;2018-12-30T15:58:06;Nederland;Rotated 180;True;[];Den Haag Den Haag ;2;;image;iPhone 7 iPhone 7 back camera 3.99mm f/1.8;/Users/andregarstka/Pictures/Local/2018 - Den Haag/;/Users/andregarstka/Pictures/Local/2018 - Den Haag/IMG_6354.JPG;prev_museum;2019-08-21;4032;True;[4.3125527777777775, 52.079711111111116];Zuid-Holland ;True;3024;8d08d805397a583a3d07ac4a054e0319;52.08;4.31
8;images2;test;nirMtWwB1ENIxZiss_6j;8.396343;2018-12-31T15:42:24;Nederland;Rotated 180;True;['Nice'];Den Haag Den Haag ;3;;image;iPhone 7 iPhone 7 back camera 3.99mm f/1.8;/Users/andregarstka/Pictures/Local/2018 - Den Haag/;/Users/andregarstka/Pictures/Local/2018 - Den Haag/IMG_6432.JPG;prev_museum;2019-08-21;4032;True;[4.277486111111111, 52.11468888888889];Zuid-Holland ;True;3024;e7b9b680d5d6538ac58aac549866b89a;52.11;4.28
9;images2;test;nyrMtWwB1ENIxZiss_7i;8.396343;2018-12-31T12:59:54;Nederland;Rotated 90 CW;True;['Similar'];Den Haag Den Haag ;1;;image;iPhone 7 iPhone 7 back camera 3.99mm f/1.8;/Users/andregarstka/Pictures/Local/2018 - Den Haag/;/Users/andregarstka/Pictures/Local/2018 - Den Haag/IMG_6395.JPG;prev_museum;2019-08-21;4032;True;[4.278183333333334, 52.114047222222226];Zuid-Holland ;True;3024;3fc59624ed080844bf6edc19e6408e5c;52.11;4.28
10;images2;test;oCrMtWwB1ENIxZistP4p;8.396343;2018-12-30T21:18:07;Nederland;Rotated 180;True;['Similar'];Den Haag Den Haag ;1;;image;iPhone 7 iPhone 7 back camera 3.99mm f/1.8;/Users/andregarstka/Pictures/Local/2018 - Den Haag/;/Users/andregarstka/Pictures/Local/2018 - Den Haag/IMG_6381.JPG;prev_museum;2019-08-21;4032;True;[4.312277777777777, 52.07810555555556];Zuid-Holland ;True;3024;5ce56a3174633f1c703c586cf04dc416;52.08;4.31
11;images2;test;oSrMtWwB1ENIxZistP5N;8.396343;2018-12-30T15:59:03;Nederland;Rotated 180;True;[];Den Haag Den Haag ;2;;image;iPhone 7 iPhone 7 back camera 3.99mm f/1.8;/Users/andregarstka/Pictures/Local/2018 - Den Haag/;/Users/andregarstka/Pictures/Local/2018 - Den Haag/IMG_6356.JPG;prev_museum;2019-08-21;4032;True;[4.312625, 52.07966666666667];Zuid-Holland ;True;3024;ee96003847e9cf58c5bef461a479d113;52.08;4.31
12;images2;test;oirMtWwB1ENIxZistP6B;8.396343;2018-12-31T15:35:06;Nederland;Rotated 180;True;[];Den Haag Den Haag ;2;;image;iPhone 7 iPhone 7 back camera 3.99mm f/1.8;/Users/andregarstka/Pictures/Local/2018 - Den Haag/;/Users/andregarstka/Pictures/Local/2018 - Den Haag/IMG_6424.JPG;prev_museum;2019-08-21;4032;True;[4.2773972222222225, 52.114761111111115];Zuid-Holland ;True;3024;c4d2e10ccc35a29bdc587c0bc5d1052b;52.11;4.28
13;images2;test;oyrMtWwB1ENIxZistP6o;8.396343;2018-12-31T14:40:00;Nederland;Rotated 180;True;['Similar'];Den Haag Den Haag ;1;;image;iPhone 7 iPhone 7 back camera 3.99mm f/1.8;/Users/andregarstka/Pictures/Local/2018 - Den Haag/;/Users/andregarstka/Pictures/Local/2018 - Den Haag/IMG_6418.JPG;prev_museum;2019-08-21;4032;True;[4.280736111111111, 52.113461111111114];Zuid-Holland ;True;3024;e616bead5bd1e8f4918448a0c8326ea3;52.11;4.28
14;images2;test;qirMtWwB1ENIxZistv45;8.396343;2018-12-30T21:18:13;Nederland;Rotated 180;True;['Similar'];Den Haag Den Haag ;1;;image;iPhone 7 iPhone 7 back camera 3.99mm f/1.8;/Users/andregarstka/Pictures/Local/2018 - Den Haag/;/Users/andregarstka/Pictures/Local/2018 - Den Haag/IMG_6384.JPG;prev_museum;2019-08-21;4032;True;[4.312363888888889, 52.07801111111112];Zuid-Holland ;True;3024;cd53b111a3dd2adc701fe0bedfc276b3;52.08;4.31
15;images2;test;qyrMtWwB1ENIxZistv5g;8.396343;2019-01-01T10:47:07;Nederland;Horizontal (normal);True;[];Den Haag Den Haag ;2;;image;SM-G960F -;/Users/andregarstka/Pictures/Local/2018 - Den Haag/;/Users/andregarstka/Pictures/Local/2018 - Den Haag/20190101_104707.jpg;prev_museum;2019-08-21;4032;True;[4.3116666666666665, 52.07805555555556];Zuid-Holland ;True;3024;8f5c8ca0268c4e518031935393e6db8c;52.08;4.31
16;images2;test;rCrMtWwB1ENIxZistv6d;8.396343;2018-12-31T13:50:02;Nederland;Horizontal (normal);True;[];Den Haag Den Haag ;2;;image;iPhone 7 iPhone 7 back camera 3.99mm f/1.8;/Users/andregarstka/Pictures/Local/2018 - Den Haag/;/Users/andregarstka/Pictures/Local/2018 - Den Haag/IMG_6409.JPG;prev_museum;2019-08-21;5678;True;[4.280875, 52.116930555555555];Zuid-Holland ;True;3930;456476862a8c5d87cb1594fec3e6e51e;52.12;4.28
17;images2;test;rSrMtWwB1ENIxZistv7P;8.396343;2018-12-30T15:57:22;Nederland;Rotated 180;True;['Similar'];Den Haag Den Haag ;1;;image;iPhone 7 iPhone 7 front camera 2.87mm f/2.2;/Users/andregarstka/Pictures/Local/2018 - Den Haag/;/Users/andregarstka/Pictures/Local/2018 - Den Haag/IMG_6353.JPG;prev_museum;2019-08-21;3088;True;[4.3123555555555555, 52.07931944444445];Zuid-Holland ;True;2320;638e3b23823afde305fa6930d2b6ac56;52.08;4.31
18;images2;test;rirMtWwB1ENIxZist_4G;8.396343;2018-12-31T15:16:11;Nederland;Rotated 180;True;['Similar'];Den Haag Den Haag ;1;;image;iPhone 7 iPhone 7 back camera 3.99mm f/1.8;/Users/andregarstka/Pictures/Local/2018 - Den Haag/;/Users/andregarstka/Pictures/Local/2018 - Den Haag/IMG_6421.JPG;prev_museum;2019-08-21;4032;True;[4.280811111111111, 52.11317777777778];Zuid-Holland ;True;3024;5578ddc77812f34f236ec26368ecb8bf;52.11;4.28
19;images2;test;ryrMtWwB1ENIxZist_47;8.396343;2018-12-30T14:41:09;Nederland;Rotated 90 CW;True;[];Den Haag Den Haag ;2;;image;iPhone 7 iPhone 7 back camera 3.99mm f/1.8;/Users/andregarstka/Pictures/Local/2018 - Den Haag/;/Users/andregarstka/Pictures/Local/2018 - Den Haag/IMG_6347.JPG;prev_museum;2019-08-21;4032;True;[4.310655555555555, 52.07821388888889];Zuid-Holland ;True;3024;b4bb5db842d6654415f78e9c9439cd98;52.08;4.31
20;images2;test;sCrMtWwB1ENIxZist_58;8.396343;2019-01-01T19:59:42;Deutschland;Rotated 180;True;['Awesome', 'Nice'];Dortmund Hombruch ;5;;image;iPhone 7 iPhone 7 back camera 3.99mm f/1.8;/Users/andregarstka/Pictures/Local/2018 - Den Haag/;/Users/andregarstka/Pictures/Local/2018 - Den Haag/IMG_6582.JPG;prev_museum;2019-08-21;4032;True;[7.436338888888889, 51.49283611111111];Nordrhein-Westfalen ;True;3024;e94356becac61f67a01bf1344451712e;51.49;7.44
21;images2;test;sSrMtWwB1ENIxZist_6o;8.396343;2018-12-31T15:16:07;Nederland;Rotated 180;True;['Similar'];Den Haag Den Haag ;1;;image;iPhone 7 iPhone 7 back camera 3.99mm f/1.8;/Users/andregarstka/Pictures/Local/2018 - Den Haag/;/Users/andregarstka/Pictures/Local/2018 - Den Haag/IMG_6420.JPG;prev_museum;2019-08-21;4032;True;[4.280833333333334, 52.11318611111111];Zuid-Holland ;True;3024;9ab4e4ece0b09af48c6202112e77e2a3;52.11;4.28
22;images2;test;xSrMtWwB1ENIxZiswf4d;8.396343;2018-12-31T13:37:40;Nederland;Horizontal (normal);True;['Similar'];Den Haag Den Haag ;1;;image;SM-G960F -;/Users/andregarstka/Pictures/Local/2018 - Den Haag/;/Users/andregarstka/Pictures/Local/2018 - Den Haag/20181231_133740.jpg;prev_museum;2019-08-21;4032;True;[4.284722222222222, 52.115833333333335];Zuid-Holland ;True;3024;485f7aa83f94156ccbf853587c26dadf;52.12;4.28
23;images2;test;xirMtWwB1ENIxZiswf5c;8.396343;2018-12-31T23:02:28;Nederland;Rotated 180;True;[];Den Haag Den Haag ;2;;image;iPhone 7 iPhone 7 back camera 3.99mm f/1.8;/Users/andregarstka/Pictures/Local/2018 - Den Haag/;/Users/andregarstka/Pictures/Local/2018 - Den Haag/IMG_6443.JPG;prev_museum;2019-08-21;4032;True;[4.313313888888889, 52.08111666666667];Zuid-Holland ;True;3024;2a0d757d00f5f3378f62708b27511c99;52.08;4.31
24;images2;test;xyrMtWwB1ENIxZiswf6R;8.396343;2019-01-01T12:40:14;Nederland;Rotated 180;True;['Similar', 'Nice'];Delft Delft ;3;;image;iPhone 7 iPhone 7 back camera 3.99mm f/1.8;/Users/andregarstka/Pictures/Local/2018 - Den Haag/;/Users/andregarstka/Pictures/Local/2018 - Den Haag/IMG_6469.JPG;prev_museum;2019-08-21;4032;True;[4.35985, 52.01191388888889];Zuid-Holland ;True;3024;1897b82b3bc0a3699bd02fd6246a3e23;52.01;4.36
25;images2;test;yCrMtWwB1ENIxZiswf7P;8.396343;2018-12-31T15:45:19;Nederland;Rotated 180;True;[];Den Haag Den Haag ;2;;image;SM-G960F -;/Users/andregarstka/Pictures/Local/2018 - Den Haag/;/Users/andregarstka/Pictures/Local/2018 - Den Haag/20181231_154519.jpg;prev_museum;2019-08-21;3264;True;[4.281666666666666, 52.11388888888889];Zuid-Holland ;True;2448;20d644df38f2dff06b505d18898e3622;52.11;4.28
26;images2;test;ySrMtWwB1ENIxZiswv4W;8.396343;2019-01-01T12:38:43;Nederland;Rotated 180;True;['Similar'];Delft Delft ;1;;image;iPhone 7 iPhone 7 back camera 3.99mm f/1.8;/Users/andregarstka/Pictures/Local/2018 - Den Haag/;/Users/andregarstka/Pictures/Local/2018 - Den Haag/IMG_6455.JPG;prev_museum;2019-08-21;4032;True;[4.360477777777778, 52.011944444444445];Zuid-Holland ;True;3024;31fbcea4feaac831f702528f0f79d31d;52.01;4.36
27;images2;test;yirMtWwB1ENIxZiswv5K;8.396343;2018-12-30T17:18:59;Nederland;Horizontal (normal);True;[];Den Haag Den Haag ;2;;image;SM-G960F -;/Users/andregarstka/Pictures/Local/2018 - Den Haag/;/Users/andregarstka/Pictures/Local/2018 - Den Haag/20181230_171859.jpg;prev_museum;2019-08-21;4032;True;[4.304722222222222, 52.078611111111115];Zuid-Holland ;True;3024;f3f72894cd5d7311e69acc3556511e65;52.08;4.3
28;images2;test;vyrMtWwB1ENIxZisv_69;8.396343;2018-12-31T23:33:07;Nederland;Rotated 180;True;['Nice'];Den Haag Den Haag ;3;;image;iPhone 7 iPhone 7 back camera 3.99mm f/1.8;/Users/andregarstka/Pictures/Local/2018 - Den Haag/;/Users/andregarstka/Pictures/Local/2018 - Den Haag/IMG_6445.JPG;prev_museum;2019-08-21;4032;True;[4.312486111111111, 52.08101666666667];Zuid-Holland ;True;3024;67baf6049779f5f9e819e36ccedddfc7;52.08;4.31
29;images2;test;wCrMtWwB1ENIxZiswP4F;8.396343;2018-12-31T20:01:23;Nederland;Rotated 90 CCW;True;['Similar'];Den Haag Den Haag ;1;;image;SM-G960F -;/Users/andregarstka/Pictures/Local/2018 - Den Haag/;/Users/andregarstka/Pictures/Local/2018 - Den Haag/20181231_200123.jpg;prev_museum;2019-08-21;3264;True;[4.311944444444444, 52.07805555555556];Zuid-Holland ;True;2448;37d41fff4fb20b20118d39d8dcd5da8d;52.08;4.31
30;images2;test;wSrMtWwB1ENIxZiswP4y;8.396343;2019-01-01T12:37:56;Nederland;Rotated 180;True;['Nice'];Delft Delft ;3;;image;iPhone 7 iPhone 7 back camera 3.99mm f/1.8;/Users/andregarstka/Pictures/Local/2018 - Den Haag/;/Users/andregarstka/Pictures/Local/2018 - Den Haag/IMG_6453.JPG;prev_museum;2019-08-21;4032;True;[4.360630555555555, 52.011805555555554];Zuid-Holland ;True;3024;0d24183a907b3c8d87c1285fbae58115;52.01;4.36
31;images2;test;wirMtWwB1ENIxZiswP5y;8.396343;2019-01-01T00:01:26;Nederland;Rotated 180;True;['Similar'];Den Haag Den Haag ;1;;image;iPhone 7 iPhone 7 back camera 3.99mm f/1.8;/Users/andregarstka/Pictures/Local/2018 - Den Haag/;/Users/andregarstka/Pictures/Local/2018 - Den Haag/IMG_6447.JPG;prev_museum;2019-08-21;4032;True;[4.312461111111111, 52.08091666666667];Zuid-Holland ;True;3024;d1ef32d74de02b6d47b7fb9526cf4f30;52.08;4.31
32;images2;test;wyrMtWwB1ENIxZiswP6u;8.396343;2019-01-01T00:01:24;Nederland;Rotated 180;True;[];Den Haag Den Haag ;2;;image;iPhone 7 iPhone 7 back camera 3.99mm f/1.8;/Users/andregarstka/Pictures/Local/2018 - Den Haag/;/Users/andregarstka/Pictures/Local/2018 - Den Haag/IMG_6446.JPG;prev_museum;2019-08-21;4032;True;[4.312361111111111, 52.081075000000006];Zuid-Holland ;True;3024;8173d716602f1cd034f50d66f350ba0b;52.08;4.31
33;images2;test;xCrMtWwB1ENIxZiswP7q;8.396343;2018-12-31T13:42:00;Nederland;Horizontal (normal);True;[];Den Haag Den Haag ;2;;image;SM-G960F -;/Users/andregarstka/Pictures/Local/2018 - Den Haag/;/Users/andregarstka/Pictures/Local/2018 - Den Haag/20181231_134201.jpg;prev_museum;2019-08-21;4032;True;[4.280833333333334, 52.1175];Zuid-Holland ;True;3024;07bb6c2bdfa6c5116748d86772954fef;52.12;4.28
34;images2;test;pCrMtWwB1ENIxZistP7w;8.396343;2019-01-01T19:45:17;Deutschland;Rotated 180;True;[];Dortmund Hombruch ;2;;image;iPhone 7 iPhone 7 back camera 3.99mm f/1.8;/Users/andregarstka/Pictures/Local/2018 - Den Haag/;/Users/andregarstka/Pictures/Local/2018 - Den Haag/IMG_6579.JPG;prev_museum;2019-08-21;4032;True;[7.436341666666667, 51.49283333333334];Nordrhein-Westfalen ;True;3024;7b4e441854135fffb4423d0b67e6e0e4;51.49;7.44
35;images2;test;pSrMtWwB1ENIxZistf4N;8.396343;2018-12-31T13:37:27;Nederland;Horizontal (normal);True;[];Den Haag Den Haag ;2;;image;SM-G960F -;/Users/andregarstka/Pictures/Local/2018 - Den Haag/;/Users/andregarstka/Pictures/Local/2018 - Den Haag/20181231_133727.jpg;prev_museum;2019-08-21;4032;True;[4.284722222222222, 52.115833333333335];Zuid-Holland ;True;3024;129481125be5d3b3d1f7931ca63ee6df;52.12;4.28
36;images2;test;pirMtWwB1ENIxZistf44;8.396343;2018-12-31T14:40:22;Nederland;Horizontal (normal);True;[];Den Haag Den Haag ;2;;image;iPhone 7 iPhone 7 back camera 3.99mm f/1.8;/Users/andregarstka/Pictures/Local/2018 - Den Haag/;/Users/andregarstka/Pictures/Local/2018 - Den Haag/IMG_6419.JPG;prev_museum;2019-08-21;4032;True;[4.280875, 52.11320555555556];Zuid-Holland ;True;3024;cbb4480247452576d28e1544452acdcc;52.11;4.28
37;images2;test;pyrMtWwB1ENIxZistf6K;8.396343;2018-12-31T15:35:19;Nederland;Rotated 180;True;['Similar'];Den Haag Den Haag ;1;;image;iPhone 7 iPhone 7 back camera 3.99mm f/1.8;/Users/andregarstka/Pictures/Local/2018 - Den Haag/;/Users/andregarstka/Pictures/Local/2018 - Den Haag/IMG_6425.JPG;prev_museum;2019-08-21;4032;True;[4.277405555555555, 52.114780555555555];Zuid-Holland ;True;3024;500205951a4aa33ef0ee448a2791e18d;52.11;4.28
38;images2;test;qCrMtWwB1ENIxZistf65;8.396343;2018-12-31T15:42:19;Nederland;Rotated 180;True;['Similar'];Den Haag Den Haag ;1;;image;iPhone 7 iPhone 7 back camera 3.99mm f/1.8;/Users/andregarstka/Pictures/Local/2018 - Den Haag/;/Users/andregarstka/Pictures/Local/2018 - Den Haag/IMG_6431.JPG;prev_museum;2019-08-21;4032;True;[4.2775083333333335, 52.11465833333334];Zuid-Holland ;True;3024;74b63b4d131bf3a7fbaac0235c6c25bd;52.11;4.28
39;images2;test;qSrMtWwB1ENIxZistf7z;8.396343;2018-12-31T12:57:03;Nederland;Rotated 90 CW;True;[];Den Haag Den Haag ;2;;image;iPhone 7 iPhone 7 back camera 3.99mm f/1.8;/Users/andregarstka/Pictures/Local/2018 - Den Haag/;/Users/andregarstka/Pictures/Local/2018 - Den Haag/IMG_6390.JPG;prev_museum;2019-08-21;4032;True;[4.279966666666667, 52.11371666666667];Zuid-Holland ;True;3024;c5d80bab14e468c5253a6fb7ea7c28ae;52.11;4.28
40;images2;test;uSrMtWwB1ENIxZisvv54;8.396343;2018-12-31T19:33:40;Nederland;Rotated 180;True;['Similar'];Den Haag Den Haag ;1;;image;iPhone 7 iPhone 7 back camera 3.99mm f/1.8;/Users/andregarstka/Pictures/Local/2018 - Den Haag/;/Users/andregarstka/Pictures/Local/2018 - Den Haag/IMG_6437.JPG;prev_museum;2019-08-21;4032;True;[4.312166666666666, 52.07815277777778];Zuid-Holland ;True;3024;b9f153bced7a275837b03edb4a47f9f7;52.08;4.31
41;images2;test;uirMtWwB1ENIxZisvv6Y;8.396343;2018-12-30T15:57:01;Nederland;Rotated 180;True;['Nice'];Den Haag Den Haag ;3;;image;iPhone 7 iPhone 7 front camera 2.87mm f/2.2;/Users/andregarstka/Pictures/Local/2018 - Den Haag/;/Users/andregarstka/Pictures/Local/2018 - Den Haag/IMG_6351.JPG;prev_museum;2019-08-21;3088;True;[4.312377777777778, 52.0793];Zuid-Holland ;True;2320;f2da41e483305e436cd1ed5188ce26fa;52.08;4.31
42;images2;test;uyrMtWwB1ENIxZisvv7G;8.396343;2018-12-31T15:32:25;Nederland;Rotated 180;True;[];Den Haag Den Haag ;2;;image;iPhone 7 iPhone 7 back camera 3.99mm f/1.8;/Users/andregarstka/Pictures/Local/2018 - Den Haag/;/Users/andregarstka/Pictures/Local/2018 - Den Haag/IMG_6423.JPG;prev_museum;2019-08-21;4032;True;[4.278477777777778, 52.1144];Zuid-Holland ;True;3024;68f4b2502ded0320482ee740784ad2a9;52.11;4.28
43;images2;test;vCrMtWwB1ENIxZisvv7x;8.396343;2018-12-31T00:52:28;Nederland;Horizontal (normal);True;[];Den Haag Den Haag ;2;;image;iPhone 7 iPhone 7 back camera 3.99mm f/1.8;/Users/andregarstka/Pictures/Local/2018 - Den Haag/;/Users/andregarstka/Pictures/Local/2018 - Den Haag/IMG_6386.JPG;prev_museum;2019-08-21;4032;True;[4.312163888888889, 52.07816944444445];Zuid-Holland ;True;3024;5435bfa524d9170153aa95877a172c77;52.08;4.31
44;images2;test;vSrMtWwB1ENIxZisv_5D;8.396343;2019-01-01T13:10:40;Nederland;Rotated 180;True;[];Delft Delft ;2;;image;iPhone 7 iPhone 7 back camera 3.99mm f/1.8;/Users/andregarstka/Pictures/Local/2018 - Den Haag/;/Users/andregarstka/Pictures/Local/2018 - Den Haag/IMG_6478.JPG;prev_museum;2019-08-21;4032;True;[4.359416666666666, 52.012147222222225];Zuid-Holland ;True;3024;a0b3d8f47b2cb05b9802e15d8ceb8727;52.01;4.36
45;images2;test;virMtWwB1ENIxZisv_57;8.396343;2019-01-01T00:08:40;Nederland;Horizontal (normal);True;['Similar'];Den Haag Den Haag ;1;;image;SM-G960F -;/Users/andregarstka/Pictures/Local/2018 - Den Haag/;/Users/andregarstka/Pictures/Local/2018 - Den Haag/20190101_000840.jpg;prev_museum;2019-08-21;4032;True;[4.3125, 52.08083333333334];Zuid-Holland ;True;3024;53649f2d47f685ba42ad8ec009bebef2;52.08;4.31
46;images2;test;cCrMtWwB1ENIxZispv7m;8.396343;2019-01-01T13:10:35;GPS_NO_LOC;Rotated 90 CW;True;[];GPS_NO_LOC;2;;image;iPhone 7 iPhone 7 back camera 3.99mm f/1.8;/Users/andregarstka/Pictures/Local/2018 - Den Haag/;/Users/andregarstka/Pictures/Local/2018 - Den Haag/IMG_6477.JPG;;2019-08-21;4032;;[];GPS_NO_LOC;;3024;12cbec8013ab3dd580846b6e2fe8381c;0.0;0.0
47;images2;test;dirMtWwB1ENIxZisqf7w;8.396343;2018-12-30T16:15:12;Nederland;Rotated 180;True;[];Den Haag Den Haag ;2;;image;iPhone 7 iPhone 7 back camera 3.99mm f/1.8;/Users/andregarstka/Pictures/Local/2018 - Den Haag/;/Users/andregarstka/Pictures/Local/2018 - Den Haag/IMG_6360.JPG;prev_museum;2019-08-21;4032;True;[4.313233333333333, 52.08141388888889];Zuid-Holland ;True;3024;e69621c2e237bf67a5a6095188f27050;52.08;4.31
48;images2;test;dyrMtWwB1ENIxZisqv4y;8.396343;2018-12-30T19:53:27;Nederland;Rotated 180;True;[];Den Haag Den Haag ;2;;image;iPhone 7 iPhone 7 back camera 3.99mm f/1.8;/Users/andregarstka/Pictures/Local/2018 - Den Haag/;/Users/andregarstka/Pictures/Local/2018 - Den Haag/IMG_6374.JPG;prev_museum;2019-08-21;4032;True;[4.312155555555555, 52.07815277777778];Zuid-Holland ;True;3024;c378450daebcb6fc61fa29d879ec409d;52.08;4.31
49;images2;test;eCrMtWwB1ENIxZisqv5h;8.396343;2018-12-31T13:59:33;Nederland;Rotated 180;True;[];Den Haag Den Haag ;2;;image;iPhone 7 iPhone 7 back camera 3.99mm f/1.8;/Users/andregarstka/Pictures/Local/2018 - Den Haag/;/Users/andregarstka/Pictures/Local/2018 - Den Haag/IMG_6412.JPG;prev_museum;2019-08-21;4032;True;[4.279861111111111, 52.11768055555556];Zuid-Holland ;True;3024;9ad7ae09342c2026a210e5d56edf0caa;52.12;4.28
50;images2;test;eSrMtWwB1ENIxZisqv6T;8.396343;2018-12-30T14:41:46;Nederland;Horizontal (normal);True;[];Den Haag Den Haag ;2;;image;iPhone 7 iPhone 7 back camera 3.99mm f/1.8;/Users/andregarstka/Pictures/Local/2018 - Den Haag/;/Users/andregarstka/Pictures/Local/2018 - Den Haag/IMG_6348.JPG;prev_museum;2019-08-21;4032;True;[4.310319444444445, 52.07815555555556];Zuid-Holland ;True;3024;c87c339364f7c5ca1d5bd0a194373d75;52.08;4.31
51;images2;test;eirMtWwB1ENIxZisqv7K;8.396343;2018-12-31T22:31:54;Nederland;Horizontal (normal);True;[];Den Haag Den Haag ;2;;image;SM-G960F -;/Users/andregarstka/Pictures/Local/2018 - Den Haag/;/Users/andregarstka/Pictures/Local/2018 - Den Haag/20181231_223154.jpg;prev_museum;2019-08-21;4032;True;[4.302222222222222, 52.07972222222222];Zuid-Holland ;True;3024;086fcca613954c01d2e88ed3eceac3b7;52.08;4.3
52;images2;test;eyrMtWwB1ENIxZisqv7_;8.396343;2018-12-30T14:42:30;Nederland;Horizontal (normal);True;[];Den Haag Den Haag ;2;;image;iPhone 7 iPhone 7 back camera 3.99mm f/1.8;/Users/andregarstka/Pictures/Local/2018 - Den Haag/;/Users/andregarstka/Pictures/Local/2018 - Den Haag/IMG_6349.JPG;prev_museum;2019-08-21;4032;True;[4.310530555555555, 52.0782];Zuid-Holland ;True;3024;8eeceb07a9ab1e00bd81c3e91d09d815;52.08;4.31
53;images2;test;fCrMtWwB1ENIxZisq_48;8.396343;2018-12-31T14:05:47;Nederland;Rotated 90 CW;True;[];Den Haag Den Haag ;2;;image;iPhone 7 iPhone 7 back camera 3.99mm f/1.8;/Users/andregarstka/Pictures/Local/2018 - Den Haag/;/Users/andregarstka/Pictures/Local/2018 - Den Haag/IMG_6413.JPG;prev_museum;2019-08-21;4032;True;[4.2828, 52.115605555555554];Zuid-Holland ;True;3024;79746b1be838b2627621687fe36cd2dd;52.12;4.28
54;images2;test;fSrMtWwB1ENIxZisq_5l;8.396343;2018-12-30T16:19:54;Nederland;Rotated 180;True;[];Den Haag Den Haag ;2;;image;iPhone 7 iPhone 7 back camera 3.99mm f/1.8;/Users/andregarstka/Pictures/Local/2018 - Den Haag/;/Users/andregarstka/Pictures/Local/2018 - Den Haag/IMG_6361.JPG;prev_museum;2019-08-21;4032;True;[4.311825, 52.08090277777778];Zuid-Holland ;True;3024;bee08007d8e253f589bb68808feb8eec;52.08;4.31
55;images2;test;kSrMtWwB1ENIxZissP7r;8.396343;2018-12-31T13:44:57;Nederland;Horizontal (normal);True;[];Den Haag Den Haag ;2;;image;SM-G960F -;/Users/andregarstka/Pictures/Local/2018 - Den Haag/;/Users/andregarstka/Pictures/Local/2018 - Den Haag/20181231_134457.jpg;prev_museum;2019-08-21;4032;True;[4.280833333333334, 52.117222222222225];Zuid-Holland ;True;3024;3108052968723bb9c4eab8b69e0ebe1c;52.12;4.28
56;images2;test;kirMtWwB1ENIxZissf42;8.396343;2018-12-30T16:58:07;Nederland;Rotated 180;True;[];Den Haag Den Haag ;2;;image;iPhone 7 iPhone 7 back camera 3.99mm f/1.8;/Users/andregarstka/Pictures/Local/2018 - Den Haag/;/Users/andregarstka/Pictures/Local/2018 - Den Haag/IMG_6364.JPG;prev_museum;2019-08-21;4032;True;[4.3049027777777775, 52.079747222222224];Zuid-Holland ;True;3024;450d1fc9bd88181f934321e5bc526c7b;52.08;4.3
57;images2;test;kyrMtWwB1ENIxZissf5e;8.396343;2018-12-31T13:13:46;Nederland;Rotated 180;True;[];Den Haag Den Haag ;2;;image;iPhone 7 iPhone 7 back camera 3.99mm f/1.8;/Users/andregarstka/Pictures/Local/2018 - Den Haag/;/Users/andregarstka/Pictures/Local/2018 - Den Haag/IMG_6402.JPG;prev_museum;2019-08-21;4032;True;[4.282438888888889, 52.11587222222222];Zuid-Holland ;True;3024;dae70159e2dc519db63929b7a536b108;52.12;4.28
58;images2;test;lCrMtWwB1ENIxZissf6a;8.396343;2018-12-30T16:04:13;Nederland;Rotated 180;True;[];Den Haag Den Haag ;2;;image;iPhone 7 iPhone 7 back camera 3.99mm f/1.8;/Users/andregarstka/Pictures/Local/2018 - Den Haag/;/Users/andregarstka/Pictures/Local/2018 - Den Haag/IMG_6358.JPG;prev_museum;2019-08-21;4032;True;[4.314547222222222, 52.08016944444445];Zuid-Holland ;True;3024;d5077471f80c92d2782c3859c0cccfb3;52.08;4.31
59;images2;test;lSrMtWwB1ENIxZissf7Q;8.396343;2018-12-30T21:18:10;Nederland;Rotated 180;True;[];Den Haag Den Haag ;2;;image;iPhone 7 iPhone 7 back camera 3.99mm f/1.8;/Users/andregarstka/Pictures/Local/2018 - Den Haag/;/Users/andregarstka/Pictures/Local/2018 - Den Haag/IMG_6382.JPG;prev_museum;2019-08-21;4032;True;[4.312297222222222, 52.078075000000005];Zuid-Holland ;True;3024;6e7a9f8e32c94b6399bbf0da925111ec;52.08;4.31
60;images2;test;lirMtWwB1ENIxZissf7w;8.396343;2018-12-31T12:59:54;Nederland;Rotated 90 CW;True;['Similar'];Den Haag Den Haag ;1;;image;iPhone 7 iPhone 7 back camera 3.99mm f/1.8;/Users/andregarstka/Pictures/Local/2018 - Den Haag/;/Users/andregarstka/Pictures/Local/2018 - Den Haag/IMG_6396.JPG;prev_museum;2019-08-21;4032;True;[4.278183333333334, 52.114047222222226];Zuid-Holland ;True;3024;5c49f82911f36eec9f54d99cb0bde98e;52.11;4.28
61;images2;test;firMtWwB1ENIxZisq_6g;8.396343;2018-12-31T12:22:10;Nederland;Rotated 180;True;[];Den Haag Den Haag ;2;;image;iPhone 7 iPhone 7 back camera 3.99mm f/1.8;/Users/andregarstka/Pictures/Local/2018 - Den Haag/;/Users/andregarstka/Pictures/Local/2018 - Den Haag/IMG_6388.JPG;prev_museum;2019-08-21;4032;True;[4.278213888888889, 52.11401388888889];Zuid-Holland ;True;3024;82654cc5cdd556c514c23c32e90437d4;52.11;4.28
62;images2;test;fyrMtWwB1ENIxZisq_6-;8.396343;2018-12-31T13:54:09;Nederland;Rotated 180;True;['Nice'];Den Haag Den Haag ;3;;image;iPhone 7 iPhone 7 back camera 3.99mm f/1.8;/Users/andregarstka/Pictures/Local/2018 - Den Haag/;/Users/andregarstka/Pictures/Local/2018 - Den Haag/IMG_6411.JPG;prev_museum;2019-08-21;4032;True;[4.280675, 52.11712222222222];Zuid-Holland ;True;3024;475b5282af3d364024a76a1fb95c4660;52.12;4.28
63;images2;test;gCrMtWwB1ENIxZisq_7j;8.396343;2018-12-30T21:17:55;Nederland;Rotated 180;True;['Similar'];Den Haag Den Haag ;1;;image;iPhone 7 iPhone 7 back camera 3.99mm f/1.8;/Users/andregarstka/Pictures/Local/2018 - Den Haag/;/Users/andregarstka/Pictures/Local/2018 - Den Haag/IMG_6377.JPG;prev_museum;2019-08-21;4032;True;[4.3122, 52.078136111111114];Zuid-Holland ;True;3024;5a4bc645f4b035b611d144acd06ad079;52.08;4.31
64;images2;test;gSrMtWwB1ENIxZisrP41;8.396343;2018-12-31T21:48:31;Nederland;Rotated 180;True;['Similar'];Den Haag Den Haag ;1;;image;iPhone 7 iPhone 7 back camera 3.99mm f/1.8;/Users/andregarstka/Pictures/Local/2018 - Den Haag/;/Users/andregarstka/Pictures/Local/2018 - Den Haag/IMG_6439.JPG;prev_museum;2019-08-21;4032;True;[4.307258333333333, 52.08118055555556];Zuid-Holland ;True;3024;566e2a5c49c89f82b8c4b440a4ebab4b;52.08;4.31
65;images2;test;girMtWwB1ENIxZisrP6C;8.396343;2018-12-31T13:18:44;Nederland;Horizontal (normal);True;[];Den Haag Den Haag ;2;;image;SM-G960F -;/Users/andregarstka/Pictures/Local/2018 - Den Haag/;/Users/andregarstka/Pictures/Local/2018 - Den Haag/20181231_131844.jpg;prev_museum;2019-08-21;4032;True;[4.280555555555556, 52.117222222222225];Zuid-Holland ;True;3024;8b5f6e6cc4bd3e67f6df9b266ecf6ba4;52.12;4.28
66;images2;test;gyrMtWwB1ENIxZisrP7B;8.396343;2018-12-31T21:48:30;Nederland;Rotated 180;True;[];Den Haag Den Haag ;2;;image;iPhone 7 iPhone 7 back camera 3.99mm f/1.8;/Users/andregarstka/Pictures/Local/2018 - Den Haag/;/Users/andregarstka/Pictures/Local/2018 - Den Haag/IMG_6438.JPG;prev_museum;2019-08-21;4032;True;[4.307227777777777, 52.08129166666667];Zuid-Holland ;True;3024;7320b53debb840e2c5cee808c9a2c5b2;52.08;4.31
67;images2;test;hCrMtWwB1ENIxZisrP7y;8.396343;2018-12-31T13:43:59;Nederland;Rotated 180;True;[];Den Haag Den Haag ;2;;image;iPhone 7 iPhone 7 back camera 3.99mm f/1.8;/Users/andregarstka/Pictures/Local/2018 - Den Haag/;/Users/andregarstka/Pictures/Local/2018 - Den Haag/IMG_6404.JPG;prev_museum;2019-08-21;4032;True;[4.280841666666666, 52.11746111111111];Zuid-Holland ;True;3024;9fe112b21738d3e0e28563632a1ad2c3;52.12;4.28
68;images2;test;jCrMtWwB1ENIxZisrv7y;8.396343;2018-12-31T15:36:37;Nederland;Rotated 180;True;[];Den Haag Den Haag ;2;;image;iPhone 7 iPhone 7 back camera 3.99mm f/1.8;/Users/andregarstka/Pictures/Local/2018 - Den Haag/;/Users/andregarstka/Pictures/Local/2018 - Den Haag/IMG_6429.JPG;prev_museum;2019-08-21;4032;True;[4.277486111111111, 52.114733333333334];Zuid-Holland ;True;3024;eb35460ad5054150d0abfabaa94b7865;52.11;4.28
69;images2;test;jSrMtWwB1ENIxZisr_46;8.396343;2018-12-31T12:59:59;Nederland;Horizontal (normal);True;['Similar'];Den Haag Den Haag ;1;;image;iPhone 7 iPhone 7 back camera 3.99mm f/1.8;/Users/andregarstka/Pictures/Local/2018 - Den Haag/;/Users/andregarstka/Pictures/Local/2018 - Den Haag/IMG_6398.JPG;prev_museum;2019-08-21;4032;True;[4.278186111111111, 52.11405555555556];Zuid-Holland ;True;3024;c2fa91ade6c0e80948e5715331b61542;52.11;4.28
70;images2;test;jirMtWwB1ENIxZissP5A;8.396343;2018-12-31T20:01:58;Nederland;Rotated 90 CCW;True;[];Den Haag Den Haag ;2;;image;SM-G960F -;/Users/andregarstka/Pictures/Local/2018 - Den Haag/;/Users/andregarstka/Pictures/Local/2018 - Den Haag/20181231_200159.jpg;prev_museum;2019-08-21;3264;True;[4.311944444444444, 52.07805555555556];Zuid-Holland ;True;2448;2270d2760056b12038651d0ce2e9ca3b;52.08;4.31
71;images2;test;jyrMtWwB1ENIxZissP6A;8.396343;2018-12-30T16:04:16;Nederland;Rotated 180;True;[];Den Haag Den Haag ;2;;image;iPhone 7 iPhone 7 back camera 3.99mm f/1.8;/Users/andregarstka/Pictures/Local/2018 - Den Haag/;/Users/andregarstka/Pictures/Local/2018 - Den Haag/IMG_6359.JPG;prev_museum;2019-08-21;4032;True;[4.314536111111111, 52.08015833333334];Zuid-Holland ;True;3024;9cfad47762aff2936d92407adec81858;52.08;4.31
72;images2;test;kCrMtWwB1ENIxZissP7C;8.396343;2018-12-30T17:00:49;Nederland;Rotated 180;True;['Nice'];Den Haag Den Haag ;3;;image;iPhone 7 iPhone 7 back camera 3.99mm f/1.8;/Users/andregarstka/Pictures/Local/2018 - Den Haag/;/Users/andregarstka/Pictures/Local/2018 - Den Haag/IMG_6365.JPG;prev_museum;2019-08-21;4032;True;[4.303663888888889, 52.080219444444445];Zuid-Holland ;True;3024;9dd29dafc284fff02ccc9b56489ea1f9;52.08;4.3
73;images2;test;lyrMtWwB1ENIxZissv43;8.396343;2018-12-31T15:35:57;Nederland;Rotated 180;True;[];Den Haag Den Haag ;2;;image;iPhone 7 iPhone 7 back camera 3.99mm f/1.8;/Users/andregarstka/Pictures/Local/2018 - Den Haag/;/Users/andregarstka/Pictures/Local/2018 - Den Haag/IMG_6427.JPG;prev_museum;2019-08-21;4032;True;[4.2774527777777775, 52.11473055555556];Zuid-Holland ;True;3024;2d9c46b9c425d46b8981b8d3176a6c65;52.11;4.28
74;images2;test;mCrMtWwB1ENIxZissv5n;8.396343;2018-12-30T15:58:29;Nederland;Rotated 180;True;[];Den Haag Den Haag ;2;;image;iPhone 7 iPhone 7 back camera 3.99mm f/1.8;/Users/andregarstka/Pictures/Local/2018 - Den Haag/;/Users/andregarstka/Pictures/Local/2018 - Den Haag/IMG_6355.JPG;prev_museum;2019-08-21;4032;True;[4.312530555555555, 52.07974166666667];Zuid-Holland ;True;3024;58fff958e9749e97fedef40caed8f53a;52.08;4.31
75;images2;test;mSrMtWwB1ENIxZissv63;8.396343;2018-12-31T15:42:31;Nederland;Rotated 180;True;[];Den Haag Den Haag ;2;;image;iPhone 7 iPhone 7 back camera 3.99mm f/1.8;/Users/andregarstka/Pictures/Local/2018 - Den Haag/;/Users/andregarstka/Pictures/Local/2018 - Den Haag/IMG_6433.JPG;prev_museum;2019-08-21;4032;True;[4.277480555555555, 52.11467777777778];Zuid-Holland ;True;3024;3c45e8e0789b34855616a54ff511f588;52.11;4.28
76;images2;test;mirMtWwB1ENIxZissv7d;8.396343;2018-12-30T18:50:29;Nederland;Rotated 180;True;['Similar'];Den Haag Den Haag ;1;;image;iPhone 7 iPhone 7 back camera 3.99mm f/1.8;/Users/andregarstka/Pictures/Local/2018 - Den Haag/;/Users/andregarstka/Pictures/Local/2018 - Den Haag/IMG_6369.JPG;prev_museum;2019-08-21;4032;True;[4.312188888888889, 52.07740833333334];Zuid-Holland ;True;3024;324c9410a2d8c2590ea4211f164f9c59;52.08;4.31
77;images2;test;myrMtWwB1ENIxZiss_4o;8.396343;2018-12-31T13:36:45;Nederland;Horizontal (normal);True;[];Den Haag Den Haag ;2;;image;SM-G960F -;/Users/andregarstka/Pictures/Local/2018 - Den Haag/;/Users/andregarstka/Pictures/Local/2018 - Den Haag/20181231_133645.jpg;prev_museum;2019-08-21;4032;True;[4.2813888888888885, 52.117222222222225];Zuid-Holland ;True;3024;bca7d9b7bc88a65d20e4498b18b1c7b9;52.12;4.28
78;images2;test;nCrMtWwB1ENIxZiss_5H;8.396343;2018-12-30T18:50:19;Nederland;Rotated 180;True;['Similar'];Den Haag Den Haag ;1;;image;iPhone 7 iPhone 7 back camera 3.99mm f/1.8;/Users/andregarstka/Pictures/Local/2018 - Den Haag/;/Users/andregarstka/Pictures/Local/2018 - Den Haag/IMG_6368.JPG;prev_museum;2019-08-21;4032;True;[4.312186111111111, 52.07734166666667];Zuid-Holland ;True;3024;bdaa51ed081a5f8abdc2cd61236a2197;52.08;4.31
79;images2;test;hSrMtWwB1ENIxZisrf6d;8.396343;2018-12-30T21:17:50;Nederland;Rotated 180;True;[];Den Haag Den Haag ;2;;image;iPhone 7 iPhone 7 back camera 3.99mm f/1.8;/Users/andregarstka/Pictures/Local/2018 - Den Haag/;/Users/andregarstka/Pictures/Local/2018 - Den Haag/IMG_6376.JPG;prev_museum;2019-08-21;4032;True;[4.312191666666666, 52.07817777777778];Zuid-Holland ;True;3024;9d1a0f6ea9c70fe07475d971865c60d3;52.08;4.31
80;images2;test;hirMtWwB1ENIxZisrf7n;8.396343;2018-12-31T13:35:28;Nederland;Horizontal (normal);True;[];Den Haag Den Haag ;2;;image;SM-G960F -;/Users/andregarstka/Pictures/Local/2018 - Den Haag/;/Users/andregarstka/Pictures/Local/2018 - Den Haag/20181231_133528.jpg;prev_museum;2019-08-21;4032;True;[4.2813888888888885, 52.117222222222225];Zuid-Holland ;True;3024;95805c0c62802347aac151789446110a;52.12;4.28
81;images2;test;hyrMtWwB1ENIxZisrv4S;8.396343;2018-12-30T19:52:26;Nederland;Rotated 180;True;['Similar'];Den Haag Den Haag ;1;;image;iPhone 7 iPhone 7 back camera 3.99mm f/1.8;/Users/andregarstka/Pictures/Local/2018 - Den Haag/;/Users/andregarstka/Pictures/Local/2018 - Den Haag/IMG_6372.JPG;prev_museum;2019-08-21;4032;True;[4.312144444444444, 52.07814444444445];Zuid-Holland ;True;3024;bed658c9b15b8fbb72fa6d8c08cab04d;52.08;4.31
82;images2;test;iCrMtWwB1ENIxZisrv47;8.396343;2018-12-31T13:00:25;Nederland;Rotated 90 CW;True;[];Den Haag Den Haag ;2;;image;iPhone 7 iPhone 7 back camera 3.99mm f/1.8;/Users/andregarstka/Pictures/Local/2018 - Den Haag/;/Users/andregarstka/Pictures/Local/2018 - Den Haag/IMG_6400.JPG;prev_museum;2019-08-21;4032;True;[4.278197222222222, 52.114075];Zuid-Holland ;True;3024;814fd6d8c6dd67b016449b637f2d75d4;52.11;4.28
83;images2;test;iSrMtWwB1ENIxZisrv5m;8.396343;2018-12-30T17:06:31;Nederland;Rotated 180;True;[];Den Haag Den Haag ;2;;image;iPhone 7 iPhone 7 back camera 3.99mm f/1.8;/Users/andregarstka/Pictures/Local/2018 - Den Haag/;/Users/andregarstka/Pictures/Local/2018 - Den Haag/IMG_6366.JPG;prev_museum;2019-08-21;4032;True;[4.304647222222222, 52.079483333333336];Zuid-Holland ;True;3024;51f55f9b0fa67a433eff1b6f7a7e6cf8;52.08;4.3
84;images2;test;iirMtWwB1ENIxZisrv6Q;8.396343;2018-12-31T13:13:24;Nederland;Rotated 180;True;[];Den Haag Den Haag ;2;;image;iPhone 7 iPhone 7 back camera 3.99mm f/1.8;/Users/andregarstka/Pictures/Local/2018 - Den Haag/;/Users/andregarstka/Pictures/Local/2018 - Den Haag/IMG_6401.JPG;prev_museum;2019-08-21;4032;True;[4.282463888888889, 52.11584722222222];Zuid-Holland ;True;3024;b342141a23c1530d4d1a6a78049b714f;52.12;4.28
85;images2;test;iyrMtWwB1ENIxZisrv67;8.396343;2018-12-30T17:18:28;Nederland;Rotated 90 CW;True;[];Den Haag Den Haag ;2;;image;iPhone 7 iPhone 7 front camera 2.87mm f/2.2;/Users/andregarstka/Pictures/Local/2018 - Den Haag/;/Users/andregarstka/Pictures/Local/2018 - Den Haag/IMG_6367.JPG;prev_museum;2019-08-21;3088;True;[4.304191666666666, 52.07844166666667];Zuid-Holland ;True;2320;98021dd07678a6960404628ebf0c33f0;52.08;4.3
86;images2;test;airMtWwB1ENIxZispP6O;8.396343;2019-01-01T12:43:04;Nederland;Rotated 180;True;['Nice', 'Impressive'];Delft Delft ;4;;image;iPhone 7 iPhone 7 back camera 3.99mm f/1.8;/Users/andregarstka/Pictures/Local/2018 - Den Haag/;/Users/andregarstka/Pictures/Local/2018 - Den Haag/IMG_6471.JPG;prev_museum;2019-08-21;4032;True;[4.3588249999999995, 52.01141388888889];Zuid-Holland ;True;3024;0b6f449ab5a00442749f649bea056442;52.01;4.36
87;images2;test;ayrMtWwB1ENIxZispf5K;8.396343;2019-01-01T12:39:50;Nederland;Rotated 180;True;['Similar'];Delft Delft ;1;;image;iPhone 7 iPhone 7 back camera 3.99mm f/1.8;/Users/andregarstka/Pictures/Local/2018 - Den Haag/;/Users/andregarstka/Pictures/Local/2018 - Den Haag/IMG_6464.JPG;prev_museum;2019-08-21;4032;True;[4.359936111111111, 52.01183611111111];Zuid-Holland ;True;3024;4e8958766c5b4c43e13452f1800d2ba6;52.01;4.36
88;images2;test;bCrMtWwB1ENIxZispf6Q;8.396343;2019-01-01T12:40:10;Nederland;Rotated 180;True;[];Delft Delft ;2;;image;iPhone 7 iPhone 7 back camera 3.99mm f/1.8;/Users/andregarstka/Pictures/Local/2018 - Den Haag/;/Users/andregarstka/Pictures/Local/2018 - Den Haag/IMG_6466.JPG;prev_museum;2019-08-21;4032;True;[4.359861111111111, 52.01191388888889];Zuid-Holland ;True;3024;593b69f465215c934a357d1910822c0e;52.01;4.36
89;images2;test;bSrMtWwB1ENIxZispf76;8.396343;2018-12-31T15:37:35;Nederland;Horizontal (normal);True;['Nice'];Den Haag Den Haag ;3;;image;SM-G960F -;/Users/andregarstka/Pictures/Local/2018 - Den Haag/;/Users/andregarstka/Pictures/Local/2018 - Den Haag/20181231_153735.jpg;prev_museum;2019-08-21;4032;True;[4.277777777777778, 52.11472222222223];Zuid-Holland ;True;3024;6e22734cc6910256026256ee33e4fbf0;52.11;4.28
90;images2;test;aSrMtWwB1ENIxZiso_6_;8.396343;2019-01-01T12:39:51;Nederland;Rotated 180;True;['Similar'];Delft Delft ;1;;image;iPhone 7 iPhone 7 back camera 3.99mm f/1.8;/Users/andregarstka/Pictures/Local/2018 - Den Haag/;/Users/andregarstka/Pictures/Local/2018 - Den Haag/IMG_6465.JPG;prev_museum;2019-08-21;4032;True;[4.359933333333333, 52.01183611111111];Zuid-Holland ;True;3024;36be207d477f3cd74b4dc620478deeba;52.01;4.36
91;images2;test;birMtWwB1ENIxZispv5M;8.396343;2019-01-01T13:06:18;Nederland;Horizontal (normal);True;[];Delft Delft ;2;;image;iPhone 7 iPhone 7 back camera 3.99mm f/1.8;/Users/andregarstka/Pictures/Local/2018 - Den Haag/;/Users/andregarstka/Pictures/Local/2018 - Den Haag/IMG_6473.JPG;prev_museum;2019-08-21;4032;True;[4.360463888888889, 52.01288888888889];Zuid-Holland ;True;3024;2cad497b3e6b97c15a2cfa3adb2d1f46;52.01;4.36
92;images2;test;byrMtWwB1ENIxZispv6b;8.396343;2018-12-31T15:45:05;Nederland;Rotated 180;True;['Similar'];Den Haag Den Haag ;1;;image;SM-G960F -;/Users/andregarstka/Pictures/Local/2018 - Den Haag/;/Users/andregarstka/Pictures/Local/2018 - Den Haag/20181231_154507.jpg;prev_museum;2019-08-21;3264;True;[4.277222222222222, 52.114444444444445];Zuid-Holland ;True;2448;ad5667619501021525fb9929be566436;52.11;4.28
93;images2;test;cSrMtWwB1ENIxZisp_5E;8.396343;2019-01-01T12:39:41;Nederland;Rotated 180;True;['Similar'];Delft Delft ;1;;image;iPhone 7 iPhone 7 back camera 3.99mm f/1.8;/Users/andregarstka/Pictures/Local/2018 - Den Haag/;/Users/andregarstka/Pictures/Local/2018 - Den Haag/IMG_6463.JPG;prev_museum;2019-08-21;4032;True;[4.359911111111111, 52.01184444444444];Zuid-Holland ;True;3024;4329ce95fd87e54c27945c81032bb857;52.01;4.36
94;images2;test;cirMtWwB1ENIxZisp_6I;8.396343;2019-01-01T13:06:31;Nederland;Horizontal (normal);True;[];Delft Delft ;2;;image;iPhone 7 iPhone 7 back camera 3.99mm f/1.8;/Users/andregarstka/Pictures/Local/2018 - Den Haag/;/Users/andregarstka/Pictures/Local/2018 - Den Haag/IMG_6476.JPG;prev_museum;2019-08-21;4032;True;[4.360427777777778, 52.01289722222222];Zuid-Holland ;True;3024;a7bf756ba2e6c99fcf09dd1fc9b8f6c6;52.01;4.36
95;images2;test;cyrMtWwB1ENIxZisqP72;8.396343;2019-01-01T12:39:07;Nederland;Rotated 180;True;['Similar'];Delft Delft ;1;;image;iPhone 7 iPhone 7 back camera 3.99mm f/1.8;/Users/andregarstka/Pictures/Local/2018 - Den Haag/;/Users/andregarstka/Pictures/Local/2018 - Den Haag/IMG_6460.JPG;prev_museum;2019-08-21;4032;True;[4.360766666666667, 52.011738888888885];Zuid-Holland ;True;3024;7cb25d828caf8a68ee528ff56e9b931f;52.01;4.36
96;images2;test;dCrMtWwB1ENIxZisqf4-;8.396343;2019-01-01T13:06:20;Nederland;Horizontal (normal);True;['Similar', 'Similar', 'Nice'];Delft Delft ;3;;image;iPhone 7 iPhone 7 back camera 3.99mm f/1.8;/Users/andregarstka/Pictures/Local/2018 - Den Haag/;/Users/andregarstka/Pictures/Local/2018 - Den Haag/IMG_6474.JPG;prev_museum;2019-08-21;4032;True;[4.3604666666666665, 52.01288611111111];Zuid-Holland ;True;3024;2bbcbf8fafdf9ce16dbed0ff277e5441;52.01;4.36
97;images2;test;dSrMtWwB1ENIxZisqf6Y;8.396343;2019-01-01T13:06:29;Nederland;Horizontal (normal);True;['Similar'];Delft Delft ;1;;image;iPhone 7 iPhone 7 back camera 3.99mm f/1.8;/Users/andregarstka/Pictures/Local/2018 - Den Haag/;/Users/andregarstka/Pictures/Local/2018 - Den Haag/IMG_6475.JPG;prev_museum;2019-08-21;4032;True;[4.3604361111111105, 52.01289722222222];Zuid-Holland ;True;3024;139d039eefbe495b4ba13562e1c2f551;52.01;4.36
