;_index;_type;_id;_score;_source.date;_source.country;_source.metadata;_source.orientation;_source.keywords;_source.city;_source.rating;_source.county;_source.media;_source.lens;_source.dirname;_source.filename;_source.deleted;_source.museum;_source.imported;_source.placeInterpolated;_source.width;_source.found_file_on_disk;_source.modified;_source.location;_source.state;_source.place;_source.height;_source.md5;_source.not_found;long;lat
0;images2;test;NuBH0W0BeGybUkdgngW_;3.866067;2019-10-14T10:26:14;Sizilien;True;Horizontal (normal);[];-;2;-;image;SM-G960F -;/Users/andregarstka/Pictures/Local/2019 - Sizilien/;/Users/andregarstka/Pictures/Local/2019 - Sizilien/20191014_102614.jpg.deleted;True;prev_museum;2019-10-15;True;4032;False;True;[];Sizilien;True;3024;3acef8e207275e0218e99e6d59ea02c2;;0.0;0.0
1;images2;test;-OBH0W0BeGybUkdglgQ2;3.866067;2019-10-14T14:33:08;Italia;True;Rotated 180;[];Zafferana Etnea ;2;CT ;image;SM-G960F -;/Users/andregarstka/Pictures/Local/2019 - Sizilien/;/Users/andregarstka/Pictures/Local/2019 - Sizilien/20191014_143308.jpg;;;2019-10-15;;800;;True;[15.003333333333334, 37.733333333333334];SIC ;True;600;8ee13909152ed83b9c4afc5512b5ce20;False;37.73;15.0
2;images2;test;LeBH0W0BeGybUkdgnQVz;3.866067;2019-10-14T15:03:37;Italia;True;Rotated 180;[];Nicolosi ;2;CT ;image;SM-G960F -;/Users/andregarstka/Pictures/Local/2019 - Sizilien/;/Users/andregarstka/Pictures/Local/2019 - Sizilien/20191014_150337.jpg;;;2019-10-15;;800;;True;[15.002222222222223, 37.720555555555556];SIC ;True;600;2e8cd1558ebc2771b207b83d8bd24f08;False;37.72;15.0
3;images2;test;aOBH0W0BeGybUkdgpgVF;3.866067;2019-10-14T17:46:18;Italia;True;Rotated 90 CW;[];Taormina ;2;ME ;image;SM-G960F -;/Users/andregarstka/Pictures/Local/2019 - Sizilien/;/Users/andregarstka/Pictures/Local/2019 - Sizilien/20191014_174618.jpg;;;2019-10-15;;800;;True;[15.285555555555556, 37.85138888888889];SIC ;True;600;774188e44255eed9420732ef1943e30f;False;37.85;15.29
4;images2;test;3-BH0W0BeGybUkdgkgSp;3.866067;2019-10-14T18:19:32;Italia;True;Rotated 180;[];Taormina ;2;ME ;image;iPhone 7 iPhone 7 back camera 3.99mm f/1.8;/Users/andregarstka/Pictures/Local/2019 - Sizilien/;/Users/andregarstka/Pictures/Local/2019 - Sizilien/IMG_1126.JPG;;;2019-10-15;;800;;True;[15.288366666666667, 37.85373055555556];SIC ;True;600;f37bfea2e4e79ec5b0598a0cb38beb74;False;37.85;15.29
5;images2;test;6eBH0W0BeGybUkdglAQf;3.866067;2019-10-14T20:23:38;Italia;True;Rotated 180;[];Taormina ;2;ME ;image;SM-G960F -;/Users/andregarstka/Pictures/Local/2019 - Sizilien/;/Users/andregarstka/Pictures/Local/2019 - Sizilien/20191014_202338.jpg;;;2019-10-15;;800;;True;[15.288055555555555, 37.853611111111114];SIC ;True;600;c29c72cba7cf2fac74a538bbdc7c5319;False;37.85;15.29
6;images2;test;BuBH0W0BeGybUkdgmAU3;3.866067;2019-10-14T20:37:18;Italia;True;Rotated 180;[];Taormina ;2;ME ;image;SM-G960F -;/Users/andregarstka/Pictures/Local/2019 - Sizilien/;/Users/andregarstka/Pictures/Local/2019 - Sizilien/20191014_203718.jpg;;;2019-10-15;;800;;True;[15.2875, 37.8525];SIC ;True;600;4538a017631c00d61d3c43cb288f8a07;False;37.85;15.29
7;images2;test;_uBH0W0BeGybUkdglwQJ;3.866067;2019-10-14T20:38:04;Italia;True;Rotated 90 CW;[];Taormina ;2;ME ;image;SM-G960F -;/Users/andregarstka/Pictures/Local/2019 - Sizilien/;/Users/andregarstka/Pictures/Local/2019 - Sizilien/20191014_203804.jpg;;;2019-10-15;;800;;True;[15.2875, 37.8525];SIC ;True;600;448e2f8313953e275c0acaffa94d4126;False;37.85;15.29
8;images2;test;CeBH0W0BeGybUkdgmAWO;3.866067;2019-10-14T20:39:14;Italia;True;Rotated 90 CW;[];Taormina ;2;ME ;image;SM-G960F -;/Users/andregarstka/Pictures/Local/2019 - Sizilien/;/Users/andregarstka/Pictures/Local/2019 - Sizilien/20191014_203914.jpg;;;2019-10-15;;800;;True;[15.2875, 37.8525];SIC ;True;600;5746a5703de983c148b6bfd76c01bd32;False;37.85;15.29
9;images2;test;AeBH0W0BeGybUkdglwVm;3.866067;2019-10-15T12:06:41;Italia;True;Rotated 180;[];Cinisi ;2;PA ;image;iPhone 7 iPhone 7 front camera 2.87mm f/2.2;/Users/andregarstka/Pictures/Local/2019 - Sizilien/;/Users/andregarstka/Pictures/Local/2019 - Sizilien/IMG_1130.JPG;;;2019-10-15;;800;;True;[13.100305555555556, 38.183138888888884];SIC ;True;601;6a89f90e2baad80180a40dac655efdea;False;38.18;13.1
10;images2;test;4OBH0W0BeGybUkdgkgTC;3.866067;2019-10-15T12:16:23;Italia;True;Rotated 180;[];Cinisi ;2;PA ;image;iPhone 7 iPhone 7 back camera 3.99mm f/1.8;/Users/andregarstka/Pictures/Local/2019 - Sizilien/;/Users/andregarstka/Pictures/Local/2019 - Sizilien/IMG_1132.JPG;;;2019-10-15;;800;;True;[13.100305555555556, 38.183138888888884];SIC ;True;600;8d4a4d58fc92fac3e4faa177ce2c48fe;False;38.18;13.1
11;images2;test;--BH0W0BeGybUkdglgSJ;3.866067;2019-10-12T14:30:34;Italia;True;Horizontal (normal);[];Siracusa ;2;SR ;image;iPhone 7 iPhone 7 back camera 3.99mm f/1.8;/Users/andregarstka/Pictures/Local/2019 - Sizilien/;/Users/andregarstka/Pictures/Local/2019 - Sizilien/IMG_1093.JPG;;;2019-10-15;;800;;True;[15.293352777777777, 37.06368333333333];SIC ;True;516;859712151e28b6ab40e3b549b4b65add;False;37.06;15.29
12;images2;test;NeBH0W0BeGybUkdgngWk;3.866067;2019-10-12T14:30:45;Italia;True;Horizontal (normal);[];Siracusa ;2;SR ;image;SM-G960F -;/Users/andregarstka/Pictures/Local/2019 - Sizilien/;/Users/andregarstka/Pictures/Local/2019 - Sizilien/20191012_143045.jpg;;;2019-10-15;;800;;True;[15.292777777777777, 37.064166666666665];SIC ;True;600;140a1fa2a8ecadfd1593a3928277ae52;False;37.06;15.29
13;images2;test;X-BH0W0BeGybUkdgpQUS;3.866067;2019-10-12T14:30:54;Italia;True;Horizontal (normal);[];Siracusa ;2;SR ;image;SM-G960F -;/Users/andregarstka/Pictures/Local/2019 - Sizilien/;/Users/andregarstka/Pictures/Local/2019 - Sizilien/20191012_143054.jpg;;;2019-10-15;;800;;True;[15.292777777777777, 37.064166666666665];SIC ;True;600;49d839bf63d370e26917e04fcf16cbe8;False;37.06;15.29
14;images2;test;0-BH0W0BeGybUkdgkATt;3.866067;2019-10-12T14:32:31;Italia;True;Rotated 180;[];Siracusa ;2;SR ;image;iPhone 7 iPhone 7 back camera 3.99mm f/1.8;/Users/andregarstka/Pictures/Local/2019 - Sizilien/;/Users/andregarstka/Pictures/Local/2019 - Sizilien/IMG_1094.JPG;;;2019-10-15;;800;;True;[15.293497222222221, 37.06372777777778];SIC ;True;600;4a097e3aeebc04f3555cf2d425666dfd;False;37.06;15.29
15;images2;test;z-BH0W0BeGybUkdgkARs;3.866067;2019-10-12T14:33:45;Italia;True;Rotated 180;[];Siracusa ;2;SR ;image;iPhone 7 iPhone 7 back camera 3.99mm f/1.8;/Users/andregarstka/Pictures/Local/2019 - Sizilien/;/Users/andregarstka/Pictures/Local/2019 - Sizilien/IMG_1096.JPG;;;2019-10-15;;800;;True;[15.293477777777778, 37.06323611111111];SIC ;True;600;7cf813190a7ba985cd8e71059fcab091;False;37.06;15.29
16;images2;test;PuBH0W0BeGybUkdgnwWh;3.866067;2019-10-12T15:42:58;Italia;True;Rotated 180;[];Siracusa ;2;SR ;image;iPhone 7 iPhone 7 back camera 3.99mm f/1.8;/Users/andregarstka/Pictures/Local/2019 - Sizilien/;/Users/andregarstka/Pictures/Local/2019 - Sizilien/IMG_1102.JPG;;;2019-10-15;;800;;True;[15.293722222222222, 37.061325];SIC ;True;600;ec13a44be0db237cbc23d67bef8c18fd;False;37.06;15.29
17;images2;test;ZuBH0W0BeGybUkdgpQX4;3.866067;2019-10-12T16:07:05;Italia;True;Horizontal (normal);[];Siracusa ;2;SR ;image;SM-G960F -;/Users/andregarstka/Pictures/Local/2019 - Sizilien/;/Users/andregarstka/Pictures/Local/2019 - Sizilien/20191012_160706.jpg;;;2019-10-15;;800;;True;[15.292465299722222, 37.06388139972222];SIC ;True;600;9e1aa1774ec2bcffdb9b2768f5d342e7;False;37.06;15.29
18;images2;test;D-BH0W0BeGybUkdgmQWA;3.866067;2019-10-12T17:25:50;Italia;True;Horizontal (normal);[];Siracusa ;2;SR ;image;SM-G960F -;/Users/andregarstka/Pictures/Local/2019 - Sizilien/;/Users/andregarstka/Pictures/Local/2019 - Sizilien/20191012_172550.jpg;;;2019-10-15;;800;;True;[15.33, 37.01555555555556];SIC ;True;600;196eda175b8a06b8da51a628dec549ef;False;37.02;15.33
19;images2;test;LOBH0W0BeGybUkdgnQVS;3.866067;2019-10-12T17:26:06;Italia;True;Horizontal (normal);[];Siracusa ;2;SR ;image;SM-G960F -;/Users/andregarstka/Pictures/Local/2019 - Sizilien/;/Users/andregarstka/Pictures/Local/2019 - Sizilien/20191012_172606.jpg;;;2019-10-15;;800;;True;[15.28888888888889, 37.087500000000006];SIC ;True;600;aecd6c2eaabc33a9f875611e75d224d0;False;37.09;15.29
20;images2;test;9uBH0W0BeGybUkdglQT9;3.866067;2019-10-11T13:24:05;Italia;True;Rotated 180;[];Palermo V Circoscrizione ;2;PA ;image;iPhone 7 iPhone 7 back camera 3.99mm f/1.8;/Users/andregarstka/Pictures/Local/2019 - Sizilien/;/Users/andregarstka/Pictures/Local/2019 - Sizilien/IMG_1078.JPG;;;2019-10-15;;800;;True;[13.340850000000001, 38.11653611111111];SIC ;True;600;2d142fcef832bacb50da2baff1ca148d;False;38.12;13.34
21;images2;test;8-BH0W0BeGybUkdglQSZ;3.866067;2019-10-11T13:35:40;Italia;True;Horizontal (normal);[];Palermo V Circoscrizione ;2;PA ;image;iPhone 7 iPhone 7 back camera 3.99mm f/1.8;/Users/andregarstka/Pictures/Local/2019 - Sizilien/;/Users/andregarstka/Pictures/Local/2019 - Sizilien/IMG_1079.JPG;;;2019-10-15;;800;;True;[13.34271388888889, 38.11833055555556];SIC ;True;499;133af7d620a8582f45444f7370260c6b;False;38.12;13.34
22;images2;test;KOBH0W0BeGybUkdgnAXt;3.866067;2019-10-11T21:27:42;Italia;True;Rotated 90 CW;[];Taormina ;2;ME ;image;SM-G960F -;/Users/andregarstka/Pictures/Local/2019 - Sizilien/;/Users/andregarstka/Pictures/Local/2019 - Sizilien/20191011_212742.jpg;;;2019-10-15;;800;;True;[15.28138888888889, 37.85111111111111];SIC ;True;600;45f323db681be6d4dc7819338f3bdcb3;False;37.85;15.28
23;images2;test;W-BH0W0BeGybUkdgpAWU;3.866067;2019-10-11T21:48:11;Italia;True;Rotated 90 CW;[];Taormina ;2;ME ;image;SM-G960F -;/Users/andregarstka/Pictures/Local/2019 - Sizilien/;/Users/andregarstka/Pictures/Local/2019 - Sizilien/20191011_214811.jpg;;;2019-10-15;;800;;True;[15.28138888888889, 37.85111111111111];SIC ;True;600;15fad97578da51e34c96e6d668d28995;False;37.85;15.28
24;images2;test;4-BH0W0BeGybUkdgkwRd;3.866067;2019-10-11T21:53:19;Italia;True;Rotated 180;[];Taormina ;2;ME ;image;iPhone 7 iPhone 7 back camera 3.99mm f/1.8;/Users/andregarstka/Pictures/Local/2019 - Sizilien/;/Users/andregarstka/Pictures/Local/2019 - Sizilien/IMG_1085.JPG;;;2019-10-15;;800;;True;[15.283755555555555, 37.85113611111111];SIC ;True;600;afae83068b398dcebf2262465482816a;False;37.85;15.28
25;images2;test;LuBH0W0BeGybUkdgnQWR;3.866067;2019-10-12T17:26:39;Italia;True;Horizontal (normal);[];Siracusa ;2;SR ;image;SM-G960F -;/Users/andregarstka/Pictures/Local/2019 - Sizilien/;/Users/andregarstka/Pictures/Local/2019 - Sizilien/20191012_172639.jpg;;;2019-10-15;;800;;True;[15.28888888888889, 37.087500000000006];SIC ;True;600;a9267342dfdeb562bd4e0127525a52c9;False;37.09;15.29
26;images2;test;2-BH0W0BeGybUkdgkQTu;3.866067;2019-10-12T17:26:55;Italia;True;Horizontal (normal);[];Siracusa ;2;SR ;image;SM-G960F -;/Users/andregarstka/Pictures/Local/2019 - Sizilien/;/Users/andregarstka/Pictures/Local/2019 - Sizilien/20191012_172655.jpg;;;2019-10-15;;800;;True;[15.330277777777777, 37.01555555555556];SIC ;True;600;bdc4b546ad13e91690a7766e8e72f1a3;False;37.02;15.33
27;images2;test;VOBH0W0BeGybUkdgowWw;3.866067;2019-10-12T17:27:05;Italia;True;Horizontal (normal);[];Siracusa ;2;SR ;image;SM-G960F -;/Users/andregarstka/Pictures/Local/2019 - Sizilien/;/Users/andregarstka/Pictures/Local/2019 - Sizilien/20191012_172705.jpg;;;2019-10-15;;800;;True;[15.330277777777777, 37.01555555555556];SIC ;True;600;4b717a8acbb152f32241d012b89587f7;False;37.02;15.33
28;images2;test;WuBH0W0BeGybUkdgpAV0;3.866067;2019-10-12T17:36:12;Italia;True;Horizontal (normal);[];Siracusa ;2;SR ;image;iPhone 7 iPhone 7 back camera 3.99mm f/1.8;/Users/andregarstka/Pictures/Local/2019 - Sizilien/;/Users/andregarstka/Pictures/Local/2019 - Sizilien/IMG_1104.JPG.deleted;True;;2019-10-15;;4032;False;True;[15.320447222222223, 37.02799722222222];SIC ;True;3024;f7317ce71e64fc764b58081744b96121;;37.03;15.32
29;images2;test;ZOBH0W0BeGybUkdgpQWw;3.866067;2019-10-12T17:59:49;Italia;True;Horizontal (normal);[];Siracusa ;2;SR ;image;iPhone 7 iPhone 7 back camera 3.99mm f/1.8;/Users/andregarstka/Pictures/Local/2019 - Sizilien/;/Users/andregarstka/Pictures/Local/2019 - Sizilien/IMG_1105.JPG;;;2019-10-15;;800;;True;[15.330497222222222, 37.01536111111111];SIC ;True;600;572e00b9899efd5cf592cbfeb6877436;False;37.02;15.33
30;images2;test;VuBH0W0BeGybUkdgpAUL;3.866067;2019-10-12T18:00:02;Italia;True;Rotated 180;[];Siracusa ;2;SR ;image;iPhone 7 iPhone 7 back camera 3.99mm f/1.8;/Users/andregarstka/Pictures/Local/2019 - Sizilien/;/Users/andregarstka/Pictures/Local/2019 - Sizilien/IMG_1106.JPG;;;2019-10-15;;800;;True;[15.330555555555556, 37.01535277777778];SIC ;True;600;a11f07bcd4b98b78770f0ddbf2f45707;False;37.02;15.33
31;images2;test;POBH0W0BeGybUkdgnwVr;3.866067;2019-10-12T18:01:46;Italia;True;Rotated 180;[];Siracusa ;2;SR ;image;SM-G960F -;/Users/andregarstka/Pictures/Local/2019 - Sizilien/;/Users/andregarstka/Pictures/Local/2019 - Sizilien/20191012_180146.jpg;;;2019-10-15;;800;;True;[15.330555555555556, 37.015];SIC ;True;600;8bf41c6d07ab239cf1bbd192ebefa211;False;37.02;15.33
32;images2;test;0uBH0W0BeGybUkdgkATR;3.866067;2019-10-14T13:05:30;Italia;True;Rotated 180;[];Nicolosi ;2;CT ;image;SM-G960F -;/Users/andregarstka/Pictures/Local/2019 - Sizilien/;/Users/andregarstka/Pictures/Local/2019 - Sizilien/20191014_130530.jpg;;;2019-10-15;;800;;True;[15.000277777777777, 37.731944444444444];SIC ;True;600;584508becbadedcc3213f2fdf2d139d8;False;37.73;15.0
33;images2;test;Y-BH0W0BeGybUkdgpQWf;3.866067;2019-10-14T13:10:26;Italia;True;Rotated 180;[];Nicolosi ;2;CT ;image;SM-G960F -;/Users/andregarstka/Pictures/Local/2019 - Sizilien/;/Users/andregarstka/Pictures/Local/2019 - Sizilien/20191014_131026.jpg;;;2019-10-15;;800;;True;[15.000555555555556, 37.73166666666667];SIC ;True;600;99df0e7167745a56eeceab3d4c7b389f;False;37.73;15.0
34;images2;test;FOBH0W0BeGybUkdgmgVF;3.866067;2019-10-14T13:23:55;Italia;True;Horizontal (normal);[];Nicolosi ;2;CT ;image;SM-G960F -;/Users/andregarstka/Pictures/Local/2019 - Sizilien/;/Users/andregarstka/Pictures/Local/2019 - Sizilien/20191014_132356.jpg;;;2019-10-15;;800;;True;[15.001388888888888, 37.73277777777778];SIC ;True;600;69ab688b5103f5743015101d3462c6fe;False;37.73;15.0
35;images2;test;0eBH0W0BeGybUkdgkASy;3.866067;2019-10-14T13:51:04;Italia;True;Rotated 180;[];Nicolosi ;2;CT ;image;SM-G960F -;/Users/andregarstka/Pictures/Local/2019 - Sizilien/;/Users/andregarstka/Pictures/Local/2019 - Sizilien/20191014_135104.jpg;;;2019-10-15;;800;;True;[15.001111111111111, 37.73444444444444];SIC ;True;600;9da229204f2bc3ac104b0456c3cc32d0;False;37.73;15.0
36;images2;test;H-BH0W0BeGybUkdgmwXh;3.866067;2019-10-14T13:56:36;Italia;True;Rotated 180;[];Nicolosi ;2;CT ;image;SM-G960F -;/Users/andregarstka/Pictures/Local/2019 - Sizilien/;/Users/andregarstka/Pictures/Local/2019 - Sizilien/20191014_135636.jpg;;;2019-10-15;;800;;True;[15.001388888888888, 37.734722222222224];SIC ;True;600;7fa6be907837c21e89c2e6c403333124;False;37.73;15.0
37;images2;test;3uBH0W0BeGybUkdgkgSC;3.866067;2019-10-14T14:09:50;Italia;True;Rotated 180;[];Nicolosi ;2;CT ;image;SM-G960F -;/Users/andregarstka/Pictures/Local/2019 - Sizilien/;/Users/andregarstka/Pictures/Local/2019 - Sizilien/20191014_140950.jpg;;;2019-10-15;;800;;True;[15.000555555555556, 37.736111111111114];SIC ;True;600;ec6e82b1084822927ffcfee91820733e;False;37.74;15.0
38;images2;test;zeBH0W0BeGybUkdgkAQm;3.866067;2019-10-14T14:10:42;Italia;True;Rotated 180;[];Nicolosi ;2;CT ;image;SM-G960F -;/Users/andregarstka/Pictures/Local/2019 - Sizilien/;/Users/andregarstka/Pictures/Local/2019 - Sizilien/20191014_141042.jpg;;;2019-10-15;;800;;True;[15.000277777777777, 37.736111111111114];SIC ;True;600;f4ff588326b4700859fd1ff83c326fea;False;37.74;15.0
39;images2;test;A-BH0W0BeGybUkdglwW7;3.866067;2019-10-14T12:32:39;Italia;True;Horizontal (normal);[];Nicolosi ;2;CT ;image;SM-G960F -;/Users/andregarstka/Pictures/Local/2019 - Sizilien/;/Users/andregarstka/Pictures/Local/2019 - Sizilien/20191014_123239.jpg;;;2019-10-15;;800;;True;[14.999166666666666, 37.730555555555554];SIC ;True;600;e3dccb6cc2cc9ec6be17724a97232539;False;37.73;15.0
40;images2;test;IOBH0W0BeGybUkdgnAUD;3.866067;2019-10-14T12:32:40;Italia;True;Horizontal (normal);[];Nicolosi ;2;CT ;image;SM-G960F -;/Users/andregarstka/Pictures/Local/2019 - Sizilien/;/Users/andregarstka/Pictures/Local/2019 - Sizilien/20191014_123240.jpg;;;2019-10-15;;800;;True;[14.999166666666666, 37.730555555555554];SIC ;True;600;ba79168f33c2e86d553172328db8f3a7;False;37.73;15.0
41;images2;test;L-BH0W0BeGybUkdgnQWr;3.866067;2019-10-14T12:37:23;Italia;True;Horizontal (normal);[];Nicolosi ;2;CT ;image;SM-G960F -;/Users/andregarstka/Pictures/Local/2019 - Sizilien/;/Users/andregarstka/Pictures/Local/2019 - Sizilien/20191014_123723.jpg;;;2019-10-15;;800;;True;[14.998888888888889, 37.731388888888894];SIC ;True;600;f3bd6975d2f15a968eecd6f1c6d3e6df;False;37.73;15.0
42;images2;test;PeBH0W0BeGybUkdgnwWD;3.866067;2019-10-14T12:42:16;Italia;True;Rotated 180;[];Nicolosi ;2;CT ;image;SM-G960F -;/Users/andregarstka/Pictures/Local/2019 - Sizilien/;/Users/andregarstka/Pictures/Local/2019 - Sizilien/20191014_124216.jpg;;;2019-10-15;;800;;True;[14.999444444444444, 37.73166666666667];SIC ;True;600;effc07913741a292376fb9061812fe0a;False;37.73;15.0
43;images2;test;F-BH0W0BeGybUkdgmgWy;3.866067;2019-10-14T12:44:54;Italia;True;Rotated 180;[];Nicolosi ;2;CT ;image;SM-G960F -;/Users/andregarstka/Pictures/Local/2019 - Sizilien/;/Users/andregarstka/Pictures/Local/2019 - Sizilien/20191014_124454.jpg;;;2019-10-15;;800;;True;[14.999722222222221, 37.73222222222223];SIC ;True;600;61b5973570efcf0611ba7eeecadb3c6a;False;37.73;15.0
44;images2;test;1eBH0W0BeGybUkdgkQQt;3.866067;2019-10-14T12:46:27;Italia;True;Rotated 180;[];Nicolosi ;2;CT ;image;SM-G960F -;/Users/andregarstka/Pictures/Local/2019 - Sizilien/;/Users/andregarstka/Pictures/Local/2019 - Sizilien/20191014_124627.jpg.deleted;True;;2019-10-15;;4032;False;True;[14.999722222222221, 37.7325];SIC ;True;3024;b5bf338eeac0ab01118a313e1e4ebf5f;;37.73;15.0
45;images2;test;UeBH0W0BeGybUkdgowVZ;3.866067;2019-10-14T12:52:48;Italia;True;Rotated 90 CW;[];Nicolosi ;2;CT ;image;SM-G960F -;/Users/andregarstka/Pictures/Local/2019 - Sizilien/;/Users/andregarstka/Pictures/Local/2019 - Sizilien/20191014_125247.jpg.deleted;True;;2019-10-15;;4032;False;True;[15.0, 37.73305555555556];SIC ;True;3024;3ff818b2757bf3e4d9abc10d8c994868;;37.73;15.0
46;images2;test;zuBH0W0BeGybUkdgkARK;3.866067;2019-10-14T12:55:08;Italia;True;Rotated 180;[];Nicolosi ;2;CT ;image;SM-G960F -;/Users/andregarstka/Pictures/Local/2019 - Sizilien/;/Users/andregarstka/Pictures/Local/2019 - Sizilien/20191014_125507.jpg;;;2019-10-15;;800;;True;[15.0, 37.73305555555556];SIC ;True;600;e55c9158049254edd58416888b10b061;False;37.73;15.0
47;images2;test;IeBH0W0BeGybUkdgnAUW;3.866067;2019-10-14T12:56:25;Italia;True;Horizontal (normal);[];Nicolosi ;2;CT ;image;SM-G960F -;/Users/andregarstka/Pictures/Local/2019 - Sizilien/;/Users/andregarstka/Pictures/Local/2019 - Sizilien/20191014_125625.jpg;;;2019-10-15;;800;;True;[14.999722222222221, 37.73305555555556];SIC ;True;600;d1e38de4c60f0ae5679df49acbaba86d;False;37.73;15.0
48;images2;test;V-BH0W0BeGybUkdgpAUi;3.866067;2019-10-14T12:56:42;Italia;True;Horizontal (normal);[];Nicolosi ;2;CT ;image;SM-G960F -;/Users/andregarstka/Pictures/Local/2019 - Sizilien/;/Users/andregarstka/Pictures/Local/2019 - Sizilien/20191014_125642.jpg.deleted;True;;2019-10-15;;4032;False;True;[15.0, 37.73305555555556];SIC ;True;3024;be5fce783674e4aacc8cfa88b13fc2cf;;37.73;15.0
49;images2;test;YuBH0W0BeGybUkdgpQV0;3.866067;2019-10-14T12:12:35;Italia;True;Rotated 180;[];Zafferana Etnea ;2;CT ;image;SM-G960F -;/Users/andregarstka/Pictures/Local/2019 - Sizilien/;/Users/andregarstka/Pictures/Local/2019 - Sizilien/20191014_121235.jpg;;;2019-10-15;;800;;True;[15.003055555555555, 37.728611111111114];SIC ;True;600;424dd3b689f256fe604caa4843760cca;False;37.73;15.0
50;images2;test;6OBH0W0BeGybUkdgkwT3;3.866067;2019-10-14T12:27:22;Italia;True;Horizontal (normal);[];Zafferana Etnea ;2;CT ;image;SM-G960F -;/Users/andregarstka/Pictures/Local/2019 - Sizilien/;/Users/andregarstka/Pictures/Local/2019 - Sizilien/20191014_122722.jpg;;;2019-10-15;;800;;True;[15.0, 37.730000000000004];SIC ;True;600;d13014d53aa74763bf8f8297a7eb4e3c;False;37.73;15.0
51;images2;test;3eBH0W0BeGybUkdgkgRr;3.866067;2019-10-14T12:32:07;Italia;True;Rotated 180;[];Nicolosi ;2;CT ;image;SM-G960F -;/Users/andregarstka/Pictures/Local/2019 - Sizilien/;/Users/andregarstka/Pictures/Local/2019 - Sizilien/20191014_123207.jpg;;;2019-10-15;;800;;True;[14.999166666666666, 37.730555555555554];SIC ;True;600;c83dae00b1334af3e9675b8125a718df;False;37.73;15.0
52;images2;test;AuBH0W0BeGybUkdglwWW;3.866067;2019-10-14T12:32:11;Italia;True;Rotated 180;[];Nicolosi ;2;CT ;image;SM-G960F -;/Users/andregarstka/Pictures/Local/2019 - Sizilien/;/Users/andregarstka/Pictures/Local/2019 - Sizilien/20191014_123211.jpg.deleted.deleted;True;;2019-10-15;;4032;False;True;[14.999166666666666, 37.730555555555554];SIC ;True;3024;8c0b2b89ee36d1c286e86d0f7f40136e;;37.73;15.0
53;images2;test;TOBH0W0BeGybUkdgogWG;3.866067;2019-10-14T12:32:36;Italia;True;Horizontal (normal);[];Nicolosi ;2;CT ;image;SM-G960F -;/Users/andregarstka/Pictures/Local/2019 - Sizilien/;/Users/andregarstka/Pictures/Local/2019 - Sizilien/20191014_123236.jpg.deleted;True;;2019-10-15;;4032;False;True;[14.999166666666666, 37.730555555555554];SIC ;True;3024;97474f2d8123ad8a5d6083edc8cd579d;;37.73;15.0
54;images2;test;7OBH0W0BeGybUkdglAS5;3.866067;2019-10-14T12:32:38;Italia;True;Horizontal (normal);[];Nicolosi ;2;CT ;image;SM-G960F -;/Users/andregarstka/Pictures/Local/2019 - Sizilien/;/Users/andregarstka/Pictures/Local/2019 - Sizilien/20191014_123238.jpg;;;2019-10-15;;800;;True;[14.999166666666666, 37.730555555555554];SIC ;True;600;29b78127438f52acfbdc7bc05da12b77;False;37.73;15.0
55;images2;test;5uBH0W0BeGybUkdgkwS5;3.866067;2019-10-14T12:57:17;Italia;True;Horizontal (normal);[];Nicolosi ;2;CT ;image;SM-G960F -;/Users/andregarstka/Pictures/Local/2019 - Sizilien/;/Users/andregarstka/Pictures/Local/2019 - Sizilien/20191014_125717.jpg.deleted;True;;2019-10-15;;4032;False;True;[15.0, 37.73305555555556];SIC ;True;3024;211eeb7d74996fc348f7f6792b9b25e5;;37.73;15.0
56;images2;test;J-BH0W0BeGybUkdgnAXT;3.866067;2019-10-14T12:57:53;Italia;True;Horizontal (normal);[];Nicolosi ;2;CT ;image;SM-G960F -;/Users/andregarstka/Pictures/Local/2019 - Sizilien/;/Users/andregarstka/Pictures/Local/2019 - Sizilien/20191014_125754.jpg.deleted;True;;2019-10-15;;4032;False;True;[14.999722222222221, 37.73305555555556];SIC ;True;3024;a516bf78f753438179f08381961f9bfe;;37.73;15.0
57;images2;test;JuBH0W0BeGybUkdgnAW3;3.866067;2019-10-14T12:58:17;Italia;True;Horizontal (normal);[];Nicolosi ;2;CT ;image;SM-G960F -;/Users/andregarstka/Pictures/Local/2019 - Sizilien/;/Users/andregarstka/Pictures/Local/2019 - Sizilien/20191014_125817.jpg;;;2019-10-15;;800;;True;[14.999722222222221, 37.73305555555556];SIC ;True;600;8d9550fcf8d2a41a238e10029ce1131f;False;37.73;15.0
58;images2;test;DOBH0W0BeGybUkdgmAX7;3.866067;2019-10-14T12:58:22;Italia;True;Horizontal (normal);[];Nicolosi ;2;CT ;image;SM-G960F -;/Users/andregarstka/Pictures/Local/2019 - Sizilien/;/Users/andregarstka/Pictures/Local/2019 - Sizilien/20191014_125822.jpg;;;2019-10-15;;800;;True;[14.999722222222221, 37.73305555555556];SIC ;True;600;5ec4e5684334c15c6629de1ad855ced1;False;37.73;15.0
59;images2;test;2eBH0W0BeGybUkdgkQSr;3.866067;2019-10-14T12:58:41;Italia;True;Horizontal (normal);[];Nicolosi ;2;CT ;image;SM-G960F -;/Users/andregarstka/Pictures/Local/2019 - Sizilien/;/Users/andregarstka/Pictures/Local/2019 - Sizilien/20191014_125841.jpg.deleted;True;;2019-10-15;;4032;False;True;[14.999722222222221, 37.73305555555556];SIC ;True;3024;2e6449b70a1977b04a9b947c25abfe8b;;37.73;15.0
60;images2;test;8OBH0W0BeGybUkdglQQ4;3.866067;2019-10-14T12:59:32;Italia;True;Horizontal (normal);[];Nicolosi ;2;CT ;image;SM-G960F -;/Users/andregarstka/Pictures/Local/2019 - Sizilien/;/Users/andregarstka/Pictures/Local/2019 - Sizilien/20191014_125932.jpg;;;2019-10-15;;800;;True;[14.999722222222221, 37.73277777777778];SIC ;True;600;c628874fff42067eac40a4cb15a4bcf8;False;37.73;15.0
61;images2;test;YeBH0W0BeGybUkdgpQVQ;3.866067;2019-10-10T22:15:09;Italia;True;Rotated 180;[];Palermo I Circoscrizione ;2;PA ;image;iPhone 7 iPhone 7 back camera 3.99mm f/1.8;/Users/andregarstka/Pictures/Local/2019 - Sizilien/;/Users/andregarstka/Pictures/Local/2019 - Sizilien/IMG_1065.JPG;;;2019-10-15;;800;;True;[13.367647222222223, 38.11500277777778];SIC ;True;600;f23e5d3037d387de777c44dc694388bd;False;38.12;13.37
62;images2;test;2OBH0W0BeGybUkdgkQSU;3.866067;2019-10-10T23:03:25;Italia;True;Rotated 90 CW;[];Palermo I Circoscrizione ;2;PA ;image;SM-G960F -;/Users/andregarstka/Pictures/Local/2019 - Sizilien/;/Users/andregarstka/Pictures/Local/2019 - Sizilien/20191010_230325.jpg;;;2019-10-15;;800;;True;[13.3675, 38.11527777777778];SIC ;True;600;c0f53d198e368b01c2480f23c53956a3;False;38.12;13.37
63;images2;test;9eBH0W0BeGybUkdglQTX;3.866067;2019-10-10T23:29:11;Italia;True;Rotated 180;[];Palermo I Circoscrizione ;2;PA ;image;SM-G960F -;/Users/andregarstka/Pictures/Local/2019 - Sizilien/;/Users/andregarstka/Pictures/Local/2019 - Sizilien/20191010_232911.jpg;;;2019-10-15;;800;;True;[13.362499999999999, 38.115];SIC ;True;600;f811274056d8d1ba67868b93c6b03239;False;38.12;13.36
64;images2;test;XeBH0W0BeGybUkdgpAXO;3.866067;2019-10-11T10:51:48;Italia;True;Rotated 180;[];Palermo VIII Circoscrizione ;2;PA ;image;iPhone 7 iPhone 7 back camera 3.99mm f/1.8;/Users/andregarstka/Pictures/Local/2019 - Sizilien/;/Users/andregarstka/Pictures/Local/2019 - Sizilien/IMG_1070.JPG;;;2019-10-15;;800;;True;[13.360394444444443, 38.128547222222224];SIC ;True;600;9c9e7fbd53c83b52e048b48092ee41a1;False;38.13;13.36
65;images2;test;U-BH0W0BeGybUkdgowWX;3.866067;2019-10-11T11:02:45;Italia;True;Rotated 180;[];Palermo VIII Circoscrizione ;2;PA ;image;iPhone 7 iPhone 7 back camera 3.99mm f/1.8;/Users/andregarstka/Pictures/Local/2019 - Sizilien/;/Users/andregarstka/Pictures/Local/2019 - Sizilien/IMG_1072.JPG;;;2019-10-15;;800;;True;[13.355933333333333, 38.12509166666667];SIC ;True;600;2e567fa3319a3b8b91aba0048d9dd380;False;38.13;13.36
66;images2;test;IuBH0W0BeGybUkdgnAU2;3.866067;2019-10-12T23:46:04;Italia;True;Horizontal (normal);[];Taormina ;2;ME ;image;SM-G960F -;/Users/andregarstka/Pictures/Local/2019 - Sizilien/;/Users/andregarstka/Pictures/Local/2019 - Sizilien/20191012_234604.jpg;;;2019-10-15;;800;;True;[15.283055555555556, 37.85194444444445];SIC ;True;600;3a93dcb2bffd2227de026bc60343a8b2;False;37.85;15.28
67;images2;test;K-BH0W0BeGybUkdgnQU5;3.866067;2019-10-12T23:46:28;Italia;True;Horizontal (normal);[];Taormina ;2;ME ;image;SM-G960F -;/Users/andregarstka/Pictures/Local/2019 - Sizilien/;/Users/andregarstka/Pictures/Local/2019 - Sizilien/20191012_234628.jpg.deleted;True;;2019-10-15;;4032;False;True;[15.283055555555556, 37.852222222222224];SIC ;True;3024;22d9f5ddfb7ce6dedab9f2eb35cdc940;;37.85;15.28
68;images2;test;_-BH0W0BeGybUkdglwQp;3.866067;2019-10-12T23:46:55;Italia;True;Horizontal (normal);[];Taormina ;2;ME ;image;SM-G960F -;/Users/andregarstka/Pictures/Local/2019 - Sizilien/;/Users/andregarstka/Pictures/Local/2019 - Sizilien/20191012_234655.jpg.deleted;True;;2019-10-15;;4032;False;True;[15.283055555555556, 37.852222222222224];SIC ;True;3024;5e34a6696657c83aed0944127e46c2b4;;37.85;15.28
69;images2;test;UOBH0W0BeGybUkdgowUf;3.866067;2019-10-13T14:34:30;Italia;True;Horizontal (normal);[];Messina IV Circoscrizione ;2;ME ;image;iPhone 7 iPhone 7 back camera 3.99mm f/1.8;/Users/andregarstka/Pictures/Local/2019 - Sizilien/;/Users/andregarstka/Pictures/Local/2019 - Sizilien/IMG_1113.JPG.deleted;True;;2019-10-15;;4636;False;True;[15.554283333333334, 38.192099999999996];SIC ;True;3954;cabe3e70d92659a86f7e507bd4574a0d;;38.19;15.55
70;images2;test;MeBH0W0BeGybUkdgnQX-;3.866067;2019-10-13T14:35:54;Italia;True;Rotated 90 CW;[];Messina IV Circoscrizione ;2;ME ;image;iPhone 7 iPhone 7 back camera 3.99mm f/1.8;/Users/andregarstka/Pictures/Local/2019 - Sizilien/;/Users/andregarstka/Pictures/Local/2019 - Sizilien/IMG_1115.JPG;;;2019-10-15;;800;;True;[15.554480555555557, 38.192];SIC ;True;600;567b026e8f46c83c078365a6ed25e769;False;38.19;15.55
71;images2;test;P-BH0W0BeGybUkdgnwXi;3.866067;2019-10-13T14:38:16;Italia;True;Rotated 180;[];Messina IV Circoscrizione ;2;ME ;image;iPhone 7 iPhone 7 back camera 3.99mm f/1.8;/Users/andregarstka/Pictures/Local/2019 - Sizilien/;/Users/andregarstka/Pictures/Local/2019 - Sizilien/IMG_1116.JPG;;;2019-10-15;;800;;True;[15.554611111111111, 38.19195833333333];SIC ;True;600;9794818d027e326253cc5c49246ebb87;False;38.19;15.55
72;images2;test;SuBH0W0BeGybUkdgogVT;3.866067;2019-10-13T15:24:22;Italia;True;Rotated 180;[];Messina VI Circoscrizione ;2;ME ;image;iPhone 7 iPhone 7 back camera 3.99mm f/1.8;/Users/andregarstka/Pictures/Local/2019 - Sizilien/;/Users/andregarstka/Pictures/Local/2019 - Sizilien/IMG_1117.JPG;;;2019-10-15;;800;;True;[15.651258333333333, 38.26522777777778];SIC ;True;600;84a2a0d94698b59ee6c7a04339007c69;False;38.27;15.65
73;images2;test;OOBH0W0BeGybUkdgngX_;3.866067;2019-10-13T15:34:14;Italia;True;Horizontal (normal);[];Messina VI Circoscrizione ;2;ME ;image;SM-G960F -;/Users/andregarstka/Pictures/Local/2019 - Sizilien/;/Users/andregarstka/Pictures/Local/2019 - Sizilien/20191013_153414.jpg;;;2019-10-15;;800;;True;[15.651666666666667, 38.265277777777776];SIC ;True;600;8abaffd6945a0d89e7d16d36941164b2;False;38.27;15.65
74;images2;test;ReBH0W0BeGybUkdgoQU5;3.866067;2019-10-13T15:36:15;Italia;True;Horizontal (normal);[];Pezzo Superiore Villa San Giovanni ;2;RC ;image;SM-G960F -;/Users/andregarstka/Pictures/Local/2019 - Sizilien/;/Users/andregarstka/Pictures/Local/2019 - Sizilien/20191013_153615.jpg;;;2019-10-15;;800;;True;[15.6593984, 38.233688399722226];CAL ;True;600;b19ee83913f72ef1ea08c3b6ae65ef0b;False;38.23;15.66
75;images2;test;I-BH0W0BeGybUkdgnAVT;3.866067;2019-10-13T18:17:31;Italia;True;Rotated 180;[];Messina VI Circoscrizione ;2;ME ;image;SM-G960F -;/Users/andregarstka/Pictures/Local/2019 - Sizilien/;/Users/andregarstka/Pictures/Local/2019 - Sizilien/20191013_181731.jpg;;;2019-10-15;;800;;True;[15.590833333333334, 38.249722222222225];SIC ;True;600;c52304920a957edc847285c32419ea48;False;38.25;15.59
76;images2;test;1OBH0W0BeGybUkdgkQQW;3.866067;2019-10-13T19:03:26;Italia;True;Rotated 180;[];Messina IV Circoscrizione ;2;ME ;image;SM-G960F -;/Users/andregarstka/Pictures/Local/2019 - Sizilien/;/Users/andregarstka/Pictures/Local/2019 - Sizilien/20191013_190326.jpg;;;2019-10-15;;800;;True;[15.557222222222222, 38.197222222222216];SIC ;True;600;1e40572fd2b7925d08ddd2f4f82f9a87;False;38.2;15.56
77;images2;test;GOBH0W0BeGybUkdgmgXb;3.866067;2019-10-13T19:08:28;Italia;True;Rotated 180;[];Messina IV Circoscrizione ;2;ME ;image;SM-G960F -;/Users/andregarstka/Pictures/Local/2019 - Sizilien/;/Users/andregarstka/Pictures/Local/2019 - Sizilien/20191013_190828.jpg;;;2019-10-15;;800;;True;[15.558333333333334, 38.19944444444444];SIC ;True;600;12d22d9fb349178b4d6a82e591e2f8d7;False;38.2;15.56
78;images2;test;3OBH0W0BeGybUkdgkgQn;3.866067;2019-10-13T19:09:00;Italia;True;Rotated 180;[];Messina IV Circoscrizione ;2;ME ;image;SM-G960F -;/Users/andregarstka/Pictures/Local/2019 - Sizilien/;/Users/andregarstka/Pictures/Local/2019 - Sizilien/20191013_190900.jpg.deleted;True;;2019-10-15;;4032;False;True;[15.558333333333334, 38.19944444444444];SIC ;True;3024;f60ee915d5ef934529e6024d7e980d04;;38.2;15.56
79;images2;test;JeBH0W0BeGybUkdgnAWY;3.866067;2019-10-11T22:05:20;Italia;True;Rotated 180;[];Taormina ;2;ME ;image;SM-G960F -;/Users/andregarstka/Pictures/Local/2019 - Sizilien/;/Users/andregarstka/Pictures/Local/2019 - Sizilien/20191011_220520.jpg;;;2019-10-15;;800;;True;[15.285555555555556, 37.85138888888889];SIC ;True;600;8084fb52f780fb67d523f8166531af94;False;37.85;15.29
80;images2;test;7uBH0W0BeGybUkdglAT6;3.866067;2019-10-11T22:18:55;Italia;True;Rotated 90 CW;[];Taormina ;2;ME ;image;iPhone 7 iPhone 7 back camera 3.99mm f/1.8;/Users/andregarstka/Pictures/Local/2019 - Sizilien/;/Users/andregarstka/Pictures/Local/2019 - Sizilien/IMG_1086.JPG;;;2019-10-15;;800;;True;[15.288919444444444, 37.854144444444444];SIC ;True;600;267e192431ed863575912eb931d49290;False;37.85;15.29
81;images2;test;SeBH0W0BeGybUkdgogUr;3.866067;2019-10-12T09:52:31;Italia;True;Rotated 180;[];Taormina ;2;ME ;image;iPhone 7 iPhone 7 back camera 3.99mm f/1.8;/Users/andregarstka/Pictures/Local/2019 - Sizilien/;/Users/andregarstka/Pictures/Local/2019 - Sizilien/IMG_1088.JPG;;;2019-10-15;;800;;True;[15.283075, 37.85210555555555];SIC ;True;600;ac4ff4ac2c12a128d29a990b61b70d40;False;37.85;15.28
82;images2;test;UuBH0W0BeGybUkdgowV4;3.866067;2019-10-12T11:50:13;Italia;True;Rotated 90 CW;[];Taormina ;2;ME ;image;SM-G960F -;/Users/andregarstka/Pictures/Local/2019 - Sizilien/;/Users/andregarstka/Pictures/Local/2019 - Sizilien/20191012_115013.jpg.deleted;True;;2019-10-15;;4032;False;True;[15.283055555555556, 37.8525];SIC ;True;3024;c45de73249c61062f5a9c4c46b179228;;37.85;15.28
83;images2;test;zOBH0W0BeGybUkdgkAQF;3.866067;2019-10-12T11:50:21;Italia;True;Rotated 90 CW;[];Taormina ;2;ME ;image;SM-G960F -;/Users/andregarstka/Pictures/Local/2019 - Sizilien/;/Users/andregarstka/Pictures/Local/2019 - Sizilien/20191012_115021.jpg.deleted;True;;2019-10-15;;4032;False;True;[15.283055555555556, 37.8525];SIC ;True;3024;0697a3f50df0d2d377cd030116e27d5c;;37.85;15.28
84;images2;test;QOBH0W0BeGybUkdgnwX5;3.866067;2019-10-12T14:04:24;Italia;True;Horizontal (normal);[];Siracusa ;2;SR ;image;iPhone 7 iPhone 7 back camera 3.99mm f/1.8;/Users/andregarstka/Pictures/Local/2019 - Sizilien/;/Users/andregarstka/Pictures/Local/2019 - Sizilien/IMG_1089.JPG.deleted;True;;2019-10-15;;4032;False;True;[15.271558333333335, 37.066424999999995];SIC ;True;3024;be8643e35c06e5251eb6fa1e789d5163;;37.07;15.27
85;images2;test;4uBH0W0BeGybUkdgkwQZ;3.866067;2019-10-12T14:26:12;Italia;True;Horizontal (normal);[];Siracusa ;2;SR ;image;iPhone 7 iPhone 7 back camera 3.99mm f/1.8;/Users/andregarstka/Pictures/Local/2019 - Sizilien/;/Users/andregarstka/Pictures/Local/2019 - Sizilien/IMG_1091.JPG;;;2019-10-15;;800;;True;[15.292727777777777, 37.064255555555555];SIC ;True;552;20eb40858cfd01a457481b0c633d9b5d;False;37.06;15.29
86;images2;test;7-BH0W0BeGybUkdglQQZ;3.866067;2019-10-12T14:28:15;Italia;True;Rotated 180;[];Siracusa ;2;SR ;image;iPhone 7 iPhone 7 back camera 3.99mm f/1.8;/Users/andregarstka/Pictures/Local/2019 - Sizilien/;/Users/andregarstka/Pictures/Local/2019 - Sizilien/IMG_1092.JPG;;;2019-10-15;;800;;True;[15.292719444444444, 37.06378055555555];SIC ;True;600;84d7abc6b079ed095ca8c32f2f085b77;False;37.06;15.29
87;images2;test;T-BH0W0BeGybUkdgogX-;3.866067;2019-10-12T18:25:35;Italia;True;Rotated 180;[];Siracusa ;2;SR ;image;iPhone 7 iPhone 7 back camera 3.99mm f/1.8;/Users/andregarstka/Pictures/Local/2019 - Sizilien/;/Users/andregarstka/Pictures/Local/2019 - Sizilien/IMG_1107.JPG;;;2019-10-15;;800;;True;[15.332719444444445, 37.01302222222222];SIC ;True;600;8a66b7629be39a091654690d5413df10;False;37.01;15.33
88;images2;test;6-BH0W0BeGybUkdglASX;3.866067;2019-10-12T18:34:56;Italia;True;Rotated 180;[];Siracusa ;2;SR ;image;SM-G960F -;/Users/andregarstka/Pictures/Local/2019 - Sizilien/;/Users/andregarstka/Pictures/Local/2019 - Sizilien/20191012_183456.jpg;;;2019-10-15;;800;;True;[15.330555555555556, 37.013333333333335];SIC ;True;600;7e83da08ec9a632f10b4a38e216bd87e;False;37.01;15.33
89;images2;test;GeBH0W0BeGybUkdgmwUB;3.866067;2019-10-12T18:40:39;Italia;True;Rotated 180;[];Siracusa ;2;SR ;image;SM-G960F -;/Users/andregarstka/Pictures/Local/2019 - Sizilien/;/Users/andregarstka/Pictures/Local/2019 - Sizilien/20191012_184039.jpg;;;2019-10-15;;800;;True;[15.32861111111111, 37.01555555555556];SIC ;True;600;40011744aff50d4b52798d8d5fff92b4;False;37.02;15.33
90;images2;test;yuBH0W0BeGybUkdgjwS_;3.866067;2019-10-12T20:55:13;Italia;True;Horizontal (normal);[];Taormina ;2;ME ;image;SM-G960F -;/Users/andregarstka/Pictures/Local/2019 - Sizilien/;/Users/andregarstka/Pictures/Local/2019 - Sizilien/20191012_205513.jpg.deleted;True;;2019-10-15;;4032;False;True;[15.283055555555556, 37.85277777777778];SIC ;True;3024;0ffd13c84ea3087ef30051e14b67f038;;37.85;15.28
91;images2;test;DeBH0W0BeGybUkdgmQUq;3.866067;2019-10-12T20:56:04;Italia;True;Horizontal (normal);[];Taormina ;2;ME ;image;SM-G960F -;/Users/andregarstka/Pictures/Local/2019 - Sizilien/;/Users/andregarstka/Pictures/Local/2019 - Sizilien/20191012_205604.jpg.deleted;True;;2019-10-15;;4032;False;True;[15.28277777777778, 37.85277777777778];SIC ;True;3024;e2d032fd2b0fcdb33c457805b282af62;;37.85;15.28
92;images2;test;JOBH0W0BeGybUkdgnAV3;3.866067;2019-10-12T20:57:51;Italia;True;Horizontal (normal);[];Taormina ;2;ME ;image;SM-G960F -;/Users/andregarstka/Pictures/Local/2019 - Sizilien/;/Users/andregarstka/Pictures/Local/2019 - Sizilien/20191012_205751.jpg;;;2019-10-15;;800;;True;[15.282222222222224, 37.853611111111114];SIC ;True;600;929248971dcbc0ac5ba58eefa2cdfbae;False;37.85;15.28
93;images2;test;yOBH0W0BeGybUkdgjgS3;3.866067;2019-10-12T20:59:05;Italia;True;Rotated 180;[];Taormina ;2;ME ;image;iPhone 7 iPhone 7 back camera 3.99mm f/1.8;/Users/andregarstka/Pictures/Local/2019 - Sizilien/;/Users/andregarstka/Pictures/Local/2019 - Sizilien/IMG_1108.JPG.deleted.deleted;True;;2019-10-15;;4032;False;True;[15.283141666666667, 37.85265277777778];SIC ;True;3024;c841746ea47d353a1df6d7a63790fa81;;37.85;15.28
94;images2;test;VeBH0W0BeGybUkdgowXc;3.866067;2019-10-12T21:01:38;Italia;True;Rotated 180;[];Taormina ;2;ME ;image;SM-G960F -;/Users/andregarstka/Pictures/Local/2019 - Sizilien/;/Users/andregarstka/Pictures/Local/2019 - Sizilien/20191012_210138.jpg.deleted;True;;2019-10-15;;4032;False;True;[15.28277777777778, 37.85277777777778];SIC ;True;3024;2bcad9f5dd6e8a0f11f69b870be61516;;37.85;15.28
95;images2;test;XuBH0W0BeGybUkdgpAXk;3.866067;2019-10-12T21:31:43;Italia;True;Rotated 180;[];Taormina ;2;ME ;image;SM-G960F -;/Users/andregarstka/Pictures/Local/2019 - Sizilien/;/Users/andregarstka/Pictures/Local/2019 - Sizilien/20191012_213143.jpg;;;2019-10-15;;800;;True;[15.2825, 37.85111111111111];SIC ;True;600;35943c3205833e5563daa298f5422590;False;37.85;15.28
96;images2;test;ZeBH0W0BeGybUkdgpQXX;3.866067;2019-10-12T22:35:09;Italia;True;Rotated 180;[];Taormina ;2;ME ;image;iPhone 7 iPhone 7 back camera 3.99mm f/1.8;/Users/andregarstka/Pictures/Local/2019 - Sizilien/;/Users/andregarstka/Pictures/Local/2019 - Sizilien/IMG_1111.JPG;;;2019-10-15;;800;;True;[15.283713888888888, 37.851147222222224];SIC ;True;600;b87af14d88c6849d7337981cdd87c41b;False;37.85;15.28
97;images2;test;5eBH0W0BeGybUkdgkwSN;3.866067;2019-10-10T17:25:05;Deutschland;True;Rotated 180;[];Düsseldorf Stadtbezirk 5 Lohausen ;2;Düsseldorf ;image;iPhone 7 iPhone 7 back camera 3.99mm f/1.8;/Users/andregarstka/Pictures/Local/2019 - Sizilien/;/Users/andregarstka/Pictures/Local/2019 - Sizilien/IMG_1047.JPG;;;2019-10-15;;800;;True;[6.7386027777777775, 51.27446111111111];Nordrhein-Westfalen ;True;600;964757abf031f28ba607dda35418eaf0;False;51.27;6.74
98;images2;test;OeBH0W0BeGybUkdgnwUW;3.866067;2019-10-10T17:25:10;Deutschland;True;Rotated 180;[];Düsseldorf Stadtbezirk 5 Lohausen ;2;Düsseldorf ;image;iPhone 7 iPhone 7 back camera 3.99mm f/1.8;/Users/andregarstka/Pictures/Local/2019 - Sizilien/;/Users/andregarstka/Pictures/Local/2019 - Sizilien/IMG_1048.JPG;;;2019-10-15;;800;;True;[6.7386027777777775, 51.27446111111111];Nordrhein-Westfalen ;True;600;e2f5e00854329e2169503466ea3edf9d;False;51.27;6.74
99;images2;test;MuBH0W0BeGybUkdgngUa;3.866067;2019-10-10T17:27:42;Deutschland;True;Rotated 180;[];Düsseldorf Stadtbezirk 5 Lohausen ;2;Düsseldorf ;image;iPhone 7 iPhone 7 back camera 3.99mm f/1.8;/Users/andregarstka/Pictures/Local/2019 - Sizilien/;/Users/andregarstka/Pictures/Local/2019 - Sizilien/IMG_1049.JPG;;;2019-10-15;;800;;True;[6.7386027777777775, 51.27446111111111];Nordrhein-Westfalen ;True;600;0ebc43960222a86d08742c6bb19bcf9f;False;51.27;6.74
100;images2;test;9-BH0W0BeGybUkdglgQS;3.866067;2019-10-10T17:31:37;Deutschland;True;Rotated 90 CW;[];Düsseldorf Stadtbezirk 5 Lohausen ;2;Düsseldorf ;image;iPhone 7 iPhone 7 back camera 3.99mm f/1.8;/Users/andregarstka/Pictures/Local/2019 - Sizilien/;/Users/andregarstka/Pictures/Local/2019 - Sizilien/IMG_1050.JPG;;;2019-10-15;;800;;True;[6.7386027777777775, 51.27446111111111];Nordrhein-Westfalen ;True;600;e48d849cebc907c7576e59258058d4f0;False;51.27;6.74
101;images2;test;SOBH0W0BeGybUkdgogUP;3.866067;2019-10-10T22:01:17;Italia;True;Rotated 180;[];Palermo I Circoscrizione ;2;PA ;image;SM-G960F -;/Users/andregarstka/Pictures/Local/2019 - Sizilien/;/Users/andregarstka/Pictures/Local/2019 - Sizilien/20191010_220117.jpg;;;2019-10-15;;800;;True;[13.3674379, 38.1152499];SIC ;True;600;412f466c278e92a5df8c1a31b7375496;False;38.12;13.37
102;images2;test;DuBH0W0BeGybUkdgmQVc;3.866067;2019-10-13T19:13:28;Italia;True;Horizontal (normal);[];Messina IV Circoscrizione ;2;ME ;image;SM-G960F -;/Users/andregarstka/Pictures/Local/2019 - Sizilien/;/Users/andregarstka/Pictures/Local/2019 - Sizilien/20191013_191328.jpg;;;2019-10-15;;800;;True;[15.557500000000001, 38.197222222222216];SIC ;True;600;bbde8fd3946053fc04dcfc80b10facb7;False;38.2;15.56
103;images2;test;WOBH0W0BeGybUkdgpAU3;3.866067;2019-10-13T19:13:57;Italia;True;Horizontal (normal);[];Messina IV Circoscrizione ;2;ME ;image;SM-G960F -;/Users/andregarstka/Pictures/Local/2019 - Sizilien/;/Users/andregarstka/Pictures/Local/2019 - Sizilien/20191013_191357.jpg.deleted;True;;2019-10-15;;4032;False;True;[15.558055555555557, 38.19694444444444];SIC ;True;3024;a0b80fc1e1d5554a640cb04857668a45;;38.2;15.56
104;images2;test;HuBH0W0BeGybUkdgmwXA;3.866067;2019-10-13T19:14:40;Italia;True;Horizontal (normal);[];Messina IV Circoscrizione ;2;ME ;image;SM-G960F -;/Users/andregarstka/Pictures/Local/2019 - Sizilien/;/Users/andregarstka/Pictures/Local/2019 - Sizilien/20191013_191440.jpg.deleted;True;;2019-10-15;;4032;False;True;[15.557777777777778, 38.197222222222216];SIC ;True;3024;b0f840ac624402ab86a1aeb8a8d6497d;;38.2;15.56
105;images2;test;E-BH0W0BeGybUkdgmgUn;3.866067;2019-10-13T19:23:50;Italia;True;Rotated 180;[];Messina IV Circoscrizione ;2;ME ;image;SM-G960F -;/Users/andregarstka/Pictures/Local/2019 - Sizilien/;/Users/andregarstka/Pictures/Local/2019 - Sizilien/20191013_192350.jpg;;;2019-10-15;;800;;True;[15.555833333333334, 38.193888888888885];SIC ;True;600;7914e1eb3595fd02bf12342a0cf74040;False;38.19;15.56
106;images2;test;yeBH0W0BeGybUkdgjwSV;3.866067;2019-10-14T09:28:31;Italia;True;Horizontal (normal);[];Calatabiano ;2;CT ;image;iPhone 7 iPhone 7 back camera 3.99mm f/1.8;/Users/andregarstka/Pictures/Local/2019 - Sizilien/;/Users/andregarstka/Pictures/Local/2019 - Sizilien/IMG_1120.JPG;;;2019-10-15;;800;;True;[15.222358333333334, 37.816022222222216];SIC ;True;600;60387c9a59c9190620a9714c367b628f;False;37.82;15.22
107;images2;test;KeBH0W0BeGybUkdgnQUL;3.866067;2019-10-14T10:23:15;Italia;True;Horizontal (normal);[];Zafferana Etnea ;2;CT ;image;SM-G960F -;/Users/andregarstka/Pictures/Local/2019 - Sizilien/;/Users/andregarstka/Pictures/Local/2019 - Sizilien/20191014_102315.jpg.deleted;True;;2019-10-15;;4032;False;True;[15.017222222222223, 37.69944444444444];SIC ;True;3024;a41f89ab1c23d513e03e49886c584783;;37.7;15.02
108;images2;test;EOBH0W0BeGybUkdgmQXO;3.866067;2019-10-14T11:39:55;Italia;True;Horizontal (normal);[];Nicolosi ;2;CT ;image;SM-G960F -;/Users/andregarstka/Pictures/Local/2019 - Sizilien/;/Users/andregarstka/Pictures/Local/2019 - Sizilien/20191014_113946.jpg;;;2019-10-15;;800;;True;[15.001808799722221, 37.71987239972223];SIC ;True;504;7b8b1d643467e266a99873db5534ee0a;False;37.72;15.0
109;images2;test;AOBH0W0BeGybUkdglwVD;3.866067;2019-10-14T11:43:26;Italia;True;Rotated 90 CW;[];Nicolosi ;2;CT ;image;SM-G960F -;/Users/andregarstka/Pictures/Local/2019 - Sizilien/;/Users/andregarstka/Pictures/Local/2019 - Sizilien/20191014_114324.jpg;;;2019-10-15;;800;;True;[15.0022351, 37.7212991];SIC ;True;386;3a1269e76c522af7cb7f546f4d9d6371;False;37.72;15.0
110;images2;test;MOBH0W0BeGybUkdgnQXT;3.866067;2019-10-14T11:43:31;Italia;True;Rotated 180;[];Nicolosi ;2;CT ;image;SM-G960F -;/Users/andregarstka/Pictures/Local/2019 - Sizilien/;/Users/andregarstka/Pictures/Local/2019 - Sizilien/20191014_114329.jpg;;;2019-10-15;;800;;True;[15.002240199722221, 37.7213374];SIC ;True;274;7a2f6ef7c838eea575a26c99c215c683;False;37.72;15.0
111;images2;test;BeBH0W0BeGybUkdgmAUO;3.866067;2019-10-14T11:43:42;Italia;True;Horizontal (normal);[];Nicolosi ;2;CT ;image;SM-G960F -;/Users/andregarstka/Pictures/Local/2019 - Sizilien/;/Users/andregarstka/Pictures/Local/2019 - Sizilien/20191014_114343.jpg.deleted.deleted;True;;2019-10-15;;4032;False;True;[15.002222222222223, 37.72138888888889];SIC ;True;3024;818c0446be1c5a5f7ecc57ef193ed9c8;;37.72;15.0
112;images2;test;FeBH0W0BeGybUkdgmgVZ;3.866067;2019-10-14T11:43:46;Italia;True;Horizontal (normal);[];Nicolosi ;2;CT ;image;SM-G960F -;/Users/andregarstka/Pictures/Local/2019 - Sizilien/;/Users/andregarstka/Pictures/Local/2019 - Sizilien/20191014_114346.jpg;;;2019-10-15;;800;;True;[15.002222222222223, 37.72138888888889];SIC ;True;600;f170c9b2f9672a9314a0256d84753038;False;37.72;15.0
113;images2;test;FuBH0W0BeGybUkdgmgWL;3.866067;2019-10-14T11:43:52;Italia;True;Horizontal (normal);[];Nicolosi ;2;CT ;image;SM-G960F -;/Users/andregarstka/Pictures/Local/2019 - Sizilien/;/Users/andregarstka/Pictures/Local/2019 - Sizilien/20191014_114352.jpg.deleted.deleted;True;;2019-10-15;;4032;False;True;[15.002222222222223, 37.72138888888889];SIC ;True;3024;bb327943aed90511585f0214ef408466;;37.72;15.0
114;images2;test;COBH0W0BeGybUkdgmAVl;3.866067;2019-10-14T11:43:54;Italia;True;Horizontal (normal);[];Nicolosi ;2;CT ;image;SM-G960F -;/Users/andregarstka/Pictures/Local/2019 - Sizilien/;/Users/andregarstka/Pictures/Local/2019 - Sizilien/20191014_114354.jpg;;;2019-10-15;;800;;True;[15.002222222222223, 37.72138888888889];SIC ;True;600;9761e41dd5c2ccf5a5a4ca9c2f2ac401;False;37.72;15.0
115;images2;test;C-BH0W0BeGybUkdgmAXX;3.866067;2019-10-14T10:23:19;Italia;True;Horizontal (normal);[];Zafferana Etnea ;2;CT ;image;SM-G960F -;/Users/andregarstka/Pictures/Local/2019 - Sizilien/;/Users/andregarstka/Pictures/Local/2019 - Sizilien/20191014_102319.jpg.deleted;True;;2019-10-15;;4032;False;True;[15.016944444444444, 37.69944444444444];SIC ;True;3024;187d0c269e702cc6688c4dc9a065da6c;;37.7;15.02
116;images2;test;EeBH0W0BeGybUkdgmQX5;3.866067;2019-10-14T10:23:20;Italia;True;Horizontal (normal);[];Zafferana Etnea ;2;CT ;image;SM-G960F -;/Users/andregarstka/Pictures/Local/2019 - Sizilien/;/Users/andregarstka/Pictures/Local/2019 - Sizilien/20191014_102320.jpg.deleted;True;;2019-10-15;;4032;False;True;[15.016944444444444, 37.69944444444444];SIC ;True;3024;db0cd1a8c1c47ae5bfa20c51cd25e169;;37.7;15.02
117;images2;test;GuBH0W0BeGybUkdgmwUo;3.866067;2019-10-14T10:23:23;Italia;True;Horizontal (normal);[];Zafferana Etnea ;2;CT ;image;SM-G960F -;/Users/andregarstka/Pictures/Local/2019 - Sizilien/;/Users/andregarstka/Pictures/Local/2019 - Sizilien/20191014_102323.jpg.deleted;True;;2019-10-15;;4032;False;True;[15.016666666666667, 37.69972222222222];SIC ;True;3024;ad3fd7f70c3cc6077cc419e3c4e82055;;37.7;15.02
118;images2;test;CuBH0W0BeGybUkdgmAWx;3.866067;2019-10-14T10:23:25;Italia;True;Horizontal (normal);[];Zafferana Etnea ;2;CT ;image;SM-G960F -;/Users/andregarstka/Pictures/Local/2019 - Sizilien/;/Users/andregarstka/Pictures/Local/2019 - Sizilien/20191014_102325.jpg.deleted;True;;2019-10-15;;4032;False;True;[15.016388888888889, 37.69972222222222];SIC ;True;3024;ed1dbf205e70c442709f6b9457637f4f;;37.7;15.02
119;images2;test;9OBH0W0BeGybUkdglQS3;3.866067;2019-10-14T10:26:18;Italia;True;Horizontal (normal);[];Nicolosi ;2;CT ;image;SM-G960F -;/Users/andregarstka/Pictures/Local/2019 - Sizilien/;/Users/andregarstka/Pictures/Local/2019 - Sizilien/20191014_102618.jpg;;;2019-10-15;;800;;True;[15.012222222222222, 37.70194444444445];SIC ;True;600;a119fab441e29f5117cea1006a978ed6;False;37.7;15.01
120;images2;test;0OBH0W0BeGybUkdgkASN;3.866067;2019-10-14T10:38:46;Italia;True;Horizontal (normal);[];Nicolosi ;2;CT ;image;SM-G960F -;/Users/andregarstka/Pictures/Local/2019 - Sizilien/;/Users/andregarstka/Pictures/Local/2019 - Sizilien/20191014_103846.jpg;;;2019-10-15;;800;;True;[15.000555555555556, 37.69944444444444];SIC ;True;600;26c8daa29898323c2377d365b248e784;False;37.7;15.0
121;images2;test;TuBH0W0BeGybUkdgogXa;3.866067;2019-10-14T11:08:20;Italia;True;Horizontal (normal);[];Nicolosi ;2;CT ;image;SM-G960F -;/Users/andregarstka/Pictures/Local/2019 - Sizilien/;/Users/andregarstka/Pictures/Local/2019 - Sizilien/20191014_110820.jpg;;;2019-10-15;;800;;True;[14.999444444444444, 37.70638888888889];SIC ;True;600;417914bbe8d854030b873f8872a0045b;False;37.71;15.0
122;images2;test;1-BH0W0BeGybUkdgkQR0;3.866067;2019-10-11T15:04:02;Italia;True;Horizontal (normal);['Nice'];Palermo I Circoscrizione ;3;PA ;image;iPhone 7 iPhone 7 front camera 2.87mm f/2.2;/Users/andregarstka/Pictures/Local/2019 - Sizilien/;/Users/andregarstka/Pictures/Local/2019 - Sizilien/IMG_1081.JPG;;;2019-10-15;;800;;True;[13.358238888888888, 38.12018611111111];SIC ;True;601;f67142f6245f181fd3edd5b3ab98738b;False;38.12;13.36
123;images2;test;8eBH0W0BeGybUkdglQRY;3.866067;2019-10-10T16:45:59;Deutschland;True;Horizontal (normal);[];Düsseldorf Stadtbezirk 5 Lohausen ;2;Düsseldorf ;image;iPhone 7 iPhone 7 back camera 3.99mm f/1.8;/Users/andregarstka/Pictures/Local/2019 - Sizilien/;/Users/andregarstka/Pictures/Local/2019 - Sizilien/IMG_1045.JPG;;;2019-10-15;;800;;True;[6.739819444444445, 51.27477222222222];Nordrhein-Westfalen ;True;600;43b160e0eead337fa724de1e7b4a1e65;False;51.27;6.74
124;images2;test;5OBH0W0BeGybUkdgkwR4;3.866067;2019-10-10T17:22:34;Deutschland;True;Rotated 180;[];Düsseldorf Stadtbezirk 5 Lohausen ;2;Düsseldorf ;image;iPhone 7 iPhone 7 back camera 3.99mm f/1.8;/Users/andregarstka/Pictures/Local/2019 - Sizilien/;/Users/andregarstka/Pictures/Local/2019 - Sizilien/IMG_1046.JPG;;;2019-10-15;;800;;True;[6.7386027777777775, 51.27446111111111];Nordrhein-Westfalen ;True;600;309e6077451be651956223cd3f626993;False;51.27;6.74
125;images2;test;QeBH0W0BeGybUkdgoAUi;3.866067;2019-10-10T21:59:57;Italia;True;Rotated 180;[];Palermo I Circoscrizione ;2;PA ;image;iPhone 7 iPhone 7 back camera 3.99mm f/1.8;/Users/andregarstka/Pictures/Local/2019 - Sizilien/;/Users/andregarstka/Pictures/Local/2019 - Sizilien/IMG_1062.JPG.deleted;True;;2019-10-15;;4032;False;True;[13.367461111111112, 38.11530277777778];SIC ;True;3024;d9ed145ec2c682bf9a346821efda7b30;;38.12;13.37
126;images2;test;-eBH0W0BeGybUkdglgRT;3.866067;2019-10-10T16:45:55;Sizilien;True;Rotated 180;[];-;2;-;image;iPhone 7 iPhone 7 back camera 3.99mm f/1.8;/Users/andregarstka/Pictures/Local/2019 - Sizilien/;/Users/andregarstka/Pictures/Local/2019 - Sizilien/IMG_1044.JPG.deleted;True;prev_museum;2019-10-15;True;800;True;True;[];Sizilien;True;600;fd2a90718da46d98501d0c3cb5e54c96;False;0.0;0.0
127;images2;test;HOBH0W0BeGybUkdgmwVq;3.866067;2019-10-11T10:28:40;Italia;True;Rotated 180;['Nice'];Palermo VIII Circoscrizione ;3;PA ;image;SM-G960F -;/Users/andregarstka/Pictures/Local/2019 - Sizilien/;/Users/andregarstka/Pictures/Local/2019 - Sizilien/20191011_102840.jpg;;;2019-10-15;;800;;True;[13.361388888888888, 38.12861111111111];SIC ;True;600;2e6ce1cf4b72539924481a717e013c1b;False;38.13;13.36
128;images2;test;Z-BH0W0BeGybUkdgpgUk;3.866067;2019-10-10T23:56:42;Italia;True;Rotated 180;['Nice'];Palermo I Circoscrizione ;3;PA ;image;SM-G960F -;/Users/andregarstka/Pictures/Local/2019 - Sizilien/;/Users/andregarstka/Pictures/Local/2019 - Sizilien/20191010_235642.jpg;;;2019-10-15;;800;;True;[13.358333333333333, 38.120555555555555];SIC ;True;600;b8bfbbf8f013aaa06f19347e618a3a26;False;38.12;13.36
129;images2;test;RuBH0W0BeGybUkdgoQVO;3.866067;2019-10-10T22:00:02;Italia;True;Rotated 180;[];Palermo I Circoscrizione ;2;PA ;image;iPhone 7 iPhone 7 back camera 3.99mm f/1.8;/Users/andregarstka/Pictures/Local/2019 - Sizilien/;/Users/andregarstka/Pictures/Local/2019 - Sizilien/IMG_1063.JPG.deleted;True;;2019-10-15;;4032;False;True;[13.367575, 38.115161111111114];SIC ;True;3024;65e73cd3ca8d0f259b9b190f9eb1a911;;38.12;13.37
130;images2;test;XOBH0W0BeGybUkdgpAWo;3.866067;2019-10-10T22:00:21;Italia;True;Rotated 180;[];Palermo I Circoscrizione ;2;PA ;image;iPhone 7 iPhone 7 back camera 3.99mm f/1.8;/Users/andregarstka/Pictures/Local/2019 - Sizilien/;/Users/andregarstka/Pictures/Local/2019 - Sizilien/IMG_1064.JPG.deleted;True;;2019-10-15;;4032;False;True;[13.367575, 38.115125];SIC ;True;3024;0a27c66f64d1fca3cfb4cc1f3b7c50d1;;38.12;13.37
131;images2;test;R-BH0W0BeGybUkdgoQWn;3.866067;2019-10-11T13:23:55;Italia;True;Rotated 180;['Nice'];Palermo V Circoscrizione ;3;PA ;image;iPhone 7 iPhone 7 back camera 3.99mm f/1.8;/Users/andregarstka/Pictures/Local/2019 - Sizilien/;/Users/andregarstka/Pictures/Local/2019 - Sizilien/IMG_1077.JPG;;;2019-10-15;;800;;True;[13.3408, 38.11654722222222];SIC ;True;600;77e9318243f1993008c92342562b75f5;False;38.12;13.34
132;images2;test;KuBH0W0BeGybUkdgnQUf;3.866067;2019-10-10T23:31:25;Italia;True;Rotated 180;['Nice', 'Impressive'];Palermo I Circoscrizione ;4;PA ;image;SM-G960F -;/Users/andregarstka/Pictures/Local/2019 - Sizilien/;/Users/andregarstka/Pictures/Local/2019 - Sizilien/20191010_233125.jpg;;;2019-10-15;;800;;True;[13.362499999999999, 38.115];SIC ;True;600;815822a8bd7e02b1817836300764a60b;False;38.12;13.36
133;images2;test;YOBH0W0BeGybUkdgpQUq;3.866067;2019-10-11T10:57:06;Italia;True;Rotated 90 CW;['Nice'];Palermo VIII Circoscrizione ;3;PA ;image;iPhone 7 iPhone 7 back camera 3.99mm f/1.8;/Users/andregarstka/Pictures/Local/2019 - Sizilien/;/Users/andregarstka/Pictures/Local/2019 - Sizilien/IMG_1071.JPG;;;2019-10-15;;800;;True;[13.358208333333334, 38.12724722222222];SIC ;True;600;75ccd3e2eea9cbfde45fce34d6d8bbca;False;38.13;13.36
134;images2;test;_OBH0W0BeGybUkdglgSn;3.866067;2019-10-12T09:23:47;Italia;True;Rotated 180;['Impressive'];Taormina ;4;ME ;image;iPhone 7 iPhone 7 back camera 3.99mm f/1.8;/Users/andregarstka/Pictures/Local/2019 - Sizilien/;/Users/andregarstka/Pictures/Local/2019 - Sizilien/IMG_1087.JPG;;;2019-10-15;;800;;True;[15.283158333333335, 37.8522];SIC ;True;600;a237ed5a1cd13b66df1132340d552bb2;False;37.85;15.28
135;images2;test;y-BH0W0BeGybUkdgjwTf;3.866067;2019-10-11T15:53:40;Italia;True;Rotated 180;['Nice'];Palermo I Circoscrizione ;3;PA ;image;iPhone 7 iPhone 7 back camera 3.99mm f/1.8;/Users/andregarstka/Pictures/Local/2019 - Sizilien/;/Users/andregarstka/Pictures/Local/2019 - Sizilien/IMG_1083.JPG;;;2019-10-15;;800;;True;[13.361702777777777, 38.11535555555556];SIC ;True;600;a8d9d0c901e5c1fd4cbd26cce28b72ab;False;38.12;13.36
136;images2;test;N-BH0W0BeGybUkdgngXZ;3.866067;2019-10-11T11:02:58;Italia;True;Horizontal (normal);['Nice'];Palermo VIII Circoscrizione ;3;PA ;image;iPhone 7 iPhone 7 front camera 2.87mm f/2.2;/Users/andregarstka/Pictures/Local/2019 - Sizilien/;/Users/andregarstka/Pictures/Local/2019 - Sizilien/IMG_1074.JPG;;;2019-10-15;;800;;True;[13.355974999999999, 38.12499722222222];SIC ;True;601;82c053e692e49f2b93525205353679c5;False;38.12;13.36
137;images2;test;M-BH0W0BeGybUkdgngVR;3.866067;2019-10-11T11:10:34;Italia;True;Rotated 180;['Nice'];Palermo VIII Circoscrizione ;3;PA ;image;iPhone 7 iPhone 7 back camera 3.99mm f/1.8;/Users/andregarstka/Pictures/Local/2019 - Sizilien/;/Users/andregarstka/Pictures/Local/2019 - Sizilien/IMG_1075.JPG;;;2019-10-15;;800;;True;[13.357880555555555, 38.12133888888889];SIC ;True;600;423c665c1f6c44f3a050853557cb1dbe;False;38.12;13.36
138;images2;test;4eBH0W0BeGybUkdgkgTn;3.866067;2019-10-10T18:52:50;Italia;True;Horizontal (normal);['Nice'];Cinisi ;3;PA ;image;SM-G960F -;/Users/andregarstka/Pictures/Local/2019 - Sizilien/;/Users/andregarstka/Pictures/Local/2019 - Sizilien/20191010_185250.jpg;;;2019-10-15;;800;;True;[13.105277777777777, 38.18555555555555];SIC ;True;600;c7a36cc415f00c1e90260118e5cb1059;False;38.19;13.11
139;images2;test;S-BH0W0BeGybUkdgogVq;3.866067;2019-10-12T17:18:23;Italia;True;Rotated 180;['Nice'];Siracusa ;3;SR ;image;iPhone 7 iPhone 7 back camera 3.99mm f/1.8;/Users/andregarstka/Pictures/Local/2019 - Sizilien/;/Users/andregarstka/Pictures/Local/2019 - Sizilien/IMG_1103.JPG;;;2019-10-15;;800;;True;[15.329513888888888, 37.01529444444444];SIC ;True;600;bc7dcfda1c169e55a3c43c0af2cb94af;False;37.02;15.33
140;images2;test;TeBH0W0BeGybUkdgogWz;3.866067;2019-10-13T09:21:05;Italia;True;Rotated 180;['Nice'];Taormina ;3;ME ;image;SM-G960F -;/Users/andregarstka/Pictures/Local/2019 - Sizilien/;/Users/andregarstka/Pictures/Local/2019 - Sizilien/20191013_092105.jpg;;;2019-10-15;;800;;True;[15.283055555555556, 37.85277777777778];SIC ;True;600;5e0853d58434e217c32d061ac1de5982;False;37.85;15.28
141;images2;test;HeBH0W0BeGybUkdgmwWZ;3.866067;2019-10-12T17:28:27;Italia;True;Horizontal (normal);['Nice'];Siracusa ;3;SR ;image;SM-G960F -;/Users/andregarstka/Pictures/Local/2019 - Sizilien/;/Users/andregarstka/Pictures/Local/2019 - Sizilien/20191012_172827.jpg;;;2019-10-15;;800;;True;[15.28888888888889, 37.087500000000006];SIC ;True;600;872c5c481af539e7d5666df7095e0893;False;37.09;15.29
142;images2;test;_eBH0W0BeGybUkdglgTs;3.866067;2019-10-13T15:24:26;Italia;True;Rotated 180;['Impressive'];Messina VI Circoscrizione ;4;ME ;image;iPhone 7 iPhone 7 back camera 3.99mm f/1.8;/Users/andregarstka/Pictures/Local/2019 - Sizilien/;/Users/andregarstka/Pictures/Local/2019 - Sizilien/IMG_1118.JPG;;;2019-10-15;;800;;True;[15.651261111111111, 38.265277777777776];SIC ;True;600;ae33f3274ce8eb6200cd23196d27e517;False;38.27;15.65
143;images2;test;1uBH0W0BeGybUkdgkQRU;3.866067;2019-10-12T16:06:53;Italia;True;Horizontal (normal);['Nice'];Siracusa ;3;SR ;image;SM-G960F -;/Users/andregarstka/Pictures/Local/2019 - Sizilien/;/Users/andregarstka/Pictures/Local/2019 - Sizilien/20191012_160655.jpg;;;2019-10-15;;800;;True;[15.292465299722222, 37.06388139972222];SIC ;True;600;0b35cd144bf0fad6217e66ca8762dd1d;False;37.06;15.29
144;images2;test;8uBH0W0BeGybUkdglQRz;3.866067;2019-10-13T15:34:25;Italia;True;Horizontal (normal);['Nice'];Messina VI Circoscrizione ;3;ME ;image;SM-G960F -;/Users/andregarstka/Pictures/Local/2019 - Sizilien/;/Users/andregarstka/Pictures/Local/2019 - Sizilien/20191013_153425.jpg;;;2019-10-15;;800;;True;[15.651666666666667, 38.265277777777776];SIC ;True;600;a9e13ddade00b5d06f084d1f08d0d96e;False;38.27;15.65
145;images2;test;G-BH0W0BeGybUkdgmwVD;3.866067;2019-10-13T12:02:44;Italia;True;Rotated 180;['Nice'];Carrabba Mascali ;3;CT ;image;SM-G960F -;/Users/andregarstka/Pictures/Local/2019 - Sizilien/;/Users/andregarstka/Pictures/Local/2019 - Sizilien/20191013_120244.jpg;;;2019-10-15;;800;;True;[15.195555555555556, 37.757777777777775];SIC ;True;600;0beb57dcf13165d3f0ed10f8734f177c;False;37.76;15.2
146;images2;test;OuBH0W0BeGybUkdgnwU2;3.866067;2019-10-13T14:34:39;Italia;True;Horizontal (normal);['Nice'];Messina IV Circoscrizione ;3;ME ;image;iPhone 7 iPhone 7 back camera 3.99mm f/1.8;/Users/andregarstka/Pictures/Local/2019 - Sizilien/;/Users/andregarstka/Pictures/Local/2019 - Sizilien/IMG_1114.JPG;;;2019-10-15;;800;;True;[15.554280555555556, 38.19210555555555];SIC ;True;589;f620c778255e471a34b90399325ffbd8;False;38.19;15.55
147;images2;test;2uBH0W0BeGybUkdgkQTY;3.866067;2019-10-13T15:35:55;Italia;True;Rotated 180;['Nice'];Messina VI Circoscrizione ;3;ME ;image;SM-G960F -;/Users/andregarstka/Pictures/Local/2019 - Sizilien/;/Users/andregarstka/Pictures/Local/2019 - Sizilien/20191013_153556.jpg;;;2019-10-15;;800;;True;[15.651661499722223, 38.2653715];SIC ;True;600;f3313093453732639d05f32a35687422;False;38.27;15.65
148;images2;test;5-BH0W0BeGybUkdgkwTY;3.866067;2019-10-11T21:47:51;Italia;True;Rotated 90 CW;[];Taormina ;2;ME ;image;iPhone 7 iPhone 7 back camera 3.99mm f/1.8;/Users/andregarstka/Pictures/Local/2019 - Sizilien/;/Users/andregarstka/Pictures/Local/2019 - Sizilien/IMG_1084.JPG.deleted;True;;2019-10-15;;4032;False;True;[15.281608333333335, 37.851108333333336];SIC ;True;3024;855d21a42b33b6ea9d7258862f511208;;37.85;15.28
149;images2;test;Q-BH0W0BeGybUkdgoAWR;3.866067;2019-10-13T19:34:24;Italia;True;Rotated 180;['Nice'];Messina IV Circoscrizione ;3;ME ;image;SM-G960F -;/Users/andregarstka/Pictures/Local/2019 - Sizilien/;/Users/andregarstka/Pictures/Local/2019 - Sizilien/20191013_193424.jpg;;;2019-10-15;;800;;True;[15.55388888888889, 38.19333333333333];SIC ;True;600;0515e516795774ae1ca7d672ef9e662a;False;38.19;15.55
150;images2;test;BOBH0W0BeGybUkdglwXu;3.866067;2019-10-14T11:52:37;Italia;True;Rotated 180;['Nice'];Nicolosi ;3;CT ;image;SM-G960F -;/Users/andregarstka/Pictures/Local/2019 - Sizilien/;/Users/andregarstka/Pictures/Local/2019 - Sizilien/20191014_115238.jpg;;;2019-10-15;;800;;True;[15.0037566, 37.7243149];SIC ;True;600;0188d79181e0498654bc112c7428f756;False;37.72;15.0
151;images2;test;B-BH0W0BeGybUkdgmAVQ;3.866067;2019-10-14T12:31:11;Italia;True;Horizontal (normal);['Nice'];Nicolosi ;3;CT ;image;SM-G960F -;/Users/andregarstka/Pictures/Local/2019 - Sizilien/;/Users/andregarstka/Pictures/Local/2019 - Sizilien/20191014_123100.jpg;;;2019-10-15;;800;;True;[14.999436499722222, 37.7303787];SIC ;True;453;0fac638a448e4c198e6b4a5d6b7c102a;False;37.73;15.0
152;images2;test;O-BH0W0BeGybUkdgnwVP;3.866067;2019-10-14T12:32:34;Italia;True;Horizontal (normal);['Nice', 'Awesome'];Nicolosi ;5;CT ;image;SM-G960F -;/Users/andregarstka/Pictures/Local/2019 - Sizilien/;/Users/andregarstka/Pictures/Local/2019 - Sizilien/20191014_123235.jpg;;;2019-10-15;;800;;True;[14.999166666666666, 37.730555555555554];SIC ;True;600;ca4fc81c5da3c5abad923b57379b977d;False;37.73;15.0
153;images2;test;7eBH0W0BeGybUkdglATV;3.866067;2019-10-14T08:55:41;Italia;True;Rotated 180;['Nice'];Taormina ;3;ME ;image;iPhone 7 iPhone 7 back camera 3.99mm f/1.8;/Users/andregarstka/Pictures/Local/2019 - Sizilien/;/Users/andregarstka/Pictures/Local/2019 - Sizilien/IMG_1119.JPG;;;2019-10-15;;800;;True;[15.282994444444446, 37.85252777777778];SIC ;True;600;38c82df091a1a1a77b29660aef4f0d70;False;37.85;15.28
154;images2;test;QuBH0W0BeGybUkdgoAVS;3.866067;2019-10-13T15:36:13;Italia;True;Horizontal (normal);['Nice'];Pezzo Superiore Villa San Giovanni ;3;RC ;image;SM-G960F -;/Users/andregarstka/Pictures/Local/2019 - Sizilien/;/Users/andregarstka/Pictures/Local/2019 - Sizilien/20191013_153614.jpg;;;2019-10-15;;800;;True;[15.6593984, 38.233688399722226];CAL ;True;600;48974c3d95aeefda52eb98053e7629ad;False;38.23;15.66
155;images2;test;NOBH0W0BeGybUkdgngWH;3.866067;2019-10-13T18:17:45;Italia;True;Rotated 180;['Nice'];Messina VI Circoscrizione ;3;ME ;image;SM-G960F -;/Users/andregarstka/Pictures/Local/2019 - Sizilien/;/Users/andregarstka/Pictures/Local/2019 - Sizilien/20191013_181745.jpg;;;2019-10-15;;800;;True;[15.58361111111111, 38.24722222222222];SIC ;True;600;8c50fa1b423299b82506af2a2f56890b;False;38.25;15.58
156;images2;test;ROBH0W0BeGybUkdgoAXe;3.866067;2019-10-13T15:36:27;Italia;True;Horizontal (normal);['Nice'];Pezzo Superiore Villa San Giovanni ;3;RC ;image;SM-G960F -;/Users/andregarstka/Pictures/Local/2019 - Sizilien/;/Users/andregarstka/Pictures/Local/2019 - Sizilien/20191013_153629.jpg;;;2019-10-15;;800;;True;[15.674429599722222, 38.236144099722225];CAL ;True;600;46b94fb511eb4c8bc86ab0c4ac2c01cd;False;38.24;15.67
157;images2;test;-uBH0W0BeGybUkdglgRv;3.866067;2019-10-14T12:57:14;Italia;True;Horizontal (normal);['Nice'];Nicolosi ;3;CT ;image;SM-G960F -;/Users/andregarstka/Pictures/Local/2019 - Sizilien/;/Users/andregarstka/Pictures/Local/2019 - Sizilien/20191014_125714.jpg;;;2019-10-15;;800;;True;[15.0, 37.73305555555556];SIC ;True;600;e69344f8f62cb5faf7ab7c996b209cfd;False;37.73;15.0
158;images2;test;ZeAND24BeGybUkdgdgf6;3.866067;2019-10-12T21:05:35;GPS_NO_LOC;True;Horizontal (normal);[];GPS_NO_LOC;2;;image;Canon EOS 450D -;/Users/andregarstka/Pictures/Local/2019 - Sizilien/;/Users/andregarstka/Pictures/Local/2019 - Sizilien/IMG_4601.JPG;;;2019-10-27;;4272;;;[];GPS_NO_LOC;;2848;3025573a8214b3aee2fa88a8273fe0cc;;0.0;0.0
159;images2;test;ZuAND24BeGybUkdgdwcr;3.866067;2019-10-12T21:03:34;GPS_NO_LOC;True;Horizontal (normal);[];GPS_NO_LOC;2;;image;Canon EOS 450D -;/Users/andregarstka/Pictures/Local/2019 - Sizilien/;/Users/andregarstka/Pictures/Local/2019 - Sizilien/IMG_4600.JPG;;;2019-10-27;;4272;;;[];GPS_NO_LOC;;2848;a806256c9e9379d9580f55d657c69c27;;0.0;0.0
160;images2;test;Z-AND24BeGybUkdgdwdR;3.866067;2019-10-13T09:30:04;GPS_NO_LOC;True;Horizontal (normal);[];GPS_NO_LOC;2;;image;Canon EOS 450D -;/Users/andregarstka/Pictures/Local/2019 - Sizilien/;/Users/andregarstka/Pictures/Local/2019 - Sizilien/IMG_4602.JPG;;;2019-10-27;;4272;;;[];GPS_NO_LOC;;2848;341dc8974a82cadbb4605e0eae598bfd;;0.0;0.0
161;images2;test;aOAND24BeGybUkdgdwdz;3.866067;2019-10-14T10:01:09;GPS_NO_LOC;True;Horizontal (normal);[];GPS_NO_LOC;2;;image;Canon EOS 450D -;/Users/andregarstka/Pictures/Local/2019 - Sizilien/;/Users/andregarstka/Pictures/Local/2019 - Sizilien/IMG_4603.JPG;;;2019-10-27;;4272;;;[];GPS_NO_LOC;;2848;da5a55d05a16c9fd75cf305cae95f7e5;;0.0;0.0
162;images2;test;a-AND24BeGybUkdgdwfd;3.866067;2019-10-12T21:02:03;GPS_NO_LOC;True;Horizontal (normal);[];GPS_NO_LOC;2;;image;Canon EOS 450D -;/Users/andregarstka/Pictures/Local/2019 - Sizilien/;/Users/andregarstka/Pictures/Local/2019 - Sizilien/IMG_4599.JPG;;;2019-10-27;;4272;;;[];GPS_NO_LOC;;2848;644c672247976e68043ecf2807fdcc15;;0.0;0.0
163;images2;test;beAND24BeGybUkdgeAcY;3.866067;2019-10-14T12:18:24;GPS_NO_LOC;True;Horizontal (normal);[];GPS_NO_LOC;2;;image;Canon EOS 450D -;/Users/andregarstka/Pictures/Local/2019 - Sizilien/;/Users/andregarstka/Pictures/Local/2019 - Sizilien/IMG_4610.JPG;;;2019-10-27;;4272;;;[];GPS_NO_LOC;;2848;898cc19c133a64e187df82ed0059047c;;0.0;0.0
164;images2;test;buAND24BeGybUkdgeAc4;3.866067;2019-10-14T11:42:21;GPS_NO_LOC;True;Horizontal (normal);[];GPS_NO_LOC;2;;image;Canon EOS 450D -;/Users/andregarstka/Pictures/Local/2019 - Sizilien/;/Users/andregarstka/Pictures/Local/2019 - Sizilien/IMG_4605.JPG;;;2019-10-27;;4272;;;[];GPS_NO_LOC;;2848;6cd22795110fb0065128d972630eda06;;0.0;0.0
165;images2;test;b-AND24BeGybUkdgeAds;3.866067;2019-10-12T16:16:36;GPS_NO_LOC;True;Horizontal (normal);[];GPS_NO_LOC;2;;image;Canon EOS 450D -;/Users/andregarstka/Pictures/Local/2019 - Sizilien/;/Users/andregarstka/Pictures/Local/2019 - Sizilien/IMG_4598.JPG;;;2019-10-27;;4272;;;[];GPS_NO_LOC;;2848;8adc133654b29eb8fb916fe83f5380d2;;0.0;0.0
166;images2;test;cOAND24BeGybUkdgeAer;3.866067;2019-10-12T16:13:56;GPS_NO_LOC;True;Horizontal (normal);[];GPS_NO_LOC;2;;image;Canon EOS 450D -;/Users/andregarstka/Pictures/Local/2019 - Sizilien/;/Users/andregarstka/Pictures/Local/2019 - Sizilien/IMG_4595.JPG;;;2019-10-27;;4272;;;[];GPS_NO_LOC;;2848;b95f9074e6b44e9e8a26573f59fcc969;;0.0;0.0
167;images2;test;ceAND24BeGybUkdgeAfN;3.866067;2019-10-14T12:18:16;GPS_NO_LOC;True;Horizontal (normal);[];GPS_NO_LOC;2;;image;Canon EOS 450D -;/Users/andregarstka/Pictures/Local/2019 - Sizilien/;/Users/andregarstka/Pictures/Local/2019 - Sizilien/IMG_4609.JPG;;;2019-10-27;;4272;;;[];GPS_NO_LOC;;2848;880a094fff2aba8ae300f7c13ef0ef02;;0.0;0.0
168;images2;test;c-AND24BeGybUkdgeQcc;3.866067;2019-10-12T16:14:04;GPS_NO_LOC;True;Horizontal (normal);[];GPS_NO_LOC;2;;image;Canon EOS 450D -;/Users/andregarstka/Pictures/Local/2019 - Sizilien/;/Users/andregarstka/Pictures/Local/2019 - Sizilien/IMG_4596.JPG;;;2019-10-27;;4272;;;[];GPS_NO_LOC;;2848;f29184f63ea545762599831289f1a8c6;;0.0;0.0
169;images2;test;duAND24BeGybUkdgeQee;3.866067;2019-10-12T14:30:18;GPS_NO_LOC;True;Horizontal (normal);[];GPS_NO_LOC;2;;image;Canon EOS 450D -;/Users/andregarstka/Pictures/Local/2019 - Sizilien/;/Users/andregarstka/Pictures/Local/2019 - Sizilien/IMG_4592.JPG.deleted;True;;2019-10-27;;4272;True;True;[];GPS_NO_LOC;;2848;b3284e6a274c9a5dc78b325aaf1e807a;;0.0;0.0
170;images2;test;EuBH0W0BeGybUkdgmgUR;3.866067;2019-10-14T12:57:47;Italia;True;Horizontal (normal);['Impressive'];Nicolosi ;4;CT ;image;SM-G960F -;/Users/andregarstka/Pictures/Local/2019 - Sizilien/;/Users/andregarstka/Pictures/Local/2019 - Sizilien/20191014_125748.jpg;;;2019-10-15;;800;;True;[14.999722222222221, 37.73305555555556];SIC ;True;600;d7603614a6747e6970689370e96a772c;False;37.73;15.0
171;images2;test;WeBH0W0BeGybUkdgpAVN;3.866067;2019-10-14T13:51:23;Italia;True;Rotated 180;['Nice'];Nicolosi ;3;CT ;image;SM-G960F -;/Users/andregarstka/Pictures/Local/2019 - Sizilien/;/Users/andregarstka/Pictures/Local/2019 - Sizilien/20191014_135123.jpg;;;2019-10-15;;800;;True;[15.001111111111111, 37.73444444444444];SIC ;True;600;334f40d78e720823bb53bb6115f72d53;False;37.73;15.0
172;images2;test;cuAND24BeGybUkdgeAfy;3.866067;2019-10-12T14:31:04;GPS_NO_LOC;True;Horizontal (normal);[];GPS_NO_LOC;2;;image;Canon EOS 450D -;/Users/andregarstka/Pictures/Local/2019 - Sizilien/;/Users/andregarstka/Pictures/Local/2019 - Sizilien/IMG_4594.JPG.deleted;True;;2019-10-27;;4272;True;True;[];GPS_NO_LOC;;2848;800fd1a62474734bfd4c74e908230248;;0.0;0.0
173;images2;test;6uBH0W0BeGybUkdglARp;3.866067;2019-10-14T12:58:44;Italia;True;Horizontal (normal);['Impressive'];Nicolosi ;4;CT ;image;SM-G960F -;/Users/andregarstka/Pictures/Local/2019 - Sizilien/;/Users/andregarstka/Pictures/Local/2019 - Sizilien/20191014_125844.jpg;;;2019-10-15;;800;;True;[14.999722222222221, 37.73305555555556];SIC ;True;600;7c74900d702b41177498cf071691ae68;False;37.73;15.0
174;images2;test;deAND24BeGybUkdgeQdu;3.866067;2019-10-12T14:30:50;GPS_NO_LOC;True;Horizontal (normal);[];GPS_NO_LOC;2;;image;Canon EOS 450D -;/Users/andregarstka/Pictures/Local/2019 - Sizilien/;/Users/andregarstka/Pictures/Local/2019 - Sizilien/IMG_4593.JPG.deleted;True;;2019-10-27;;4272;True;True;[];GPS_NO_LOC;;2848;5950ba8c9c6f3810dc84ec684c38f64d;;0.0;0.0
175;images2;test;dOAND24BeGybUkdgeQdR;3.866067;2019-10-12T16:15:36;GPS_NO_LOC;True;Horizontal (normal);['Impressive'];GPS_NO_LOC;4;;image;Canon EOS 450D -;/Users/andregarstka/Pictures/Local/2019 - Sizilien/;/Users/andregarstka/Pictures/Local/2019 - Sizilien/IMG_4597.JPG;;;2019-10-27;;4272;;True;[];GPS_NO_LOC;;2848;a2ee9c3760889431f5b91bce88ef1185;;0.0;0.0
176;images2;test;bOAND24BeGybUkdgdwf7;3.866067;2019-10-14T10:01:19;GPS_NO_LOC;True;Horizontal (normal);['Nice'];GPS_NO_LOC;3;;image;Canon EOS 450D -;/Users/andregarstka/Pictures/Local/2019 - Sizilien/;/Users/andregarstka/Pictures/Local/2019 - Sizilien/IMG_4604.JPG;;;2019-10-27;;4272;;True;[];GPS_NO_LOC;;2848;f0e2df858a23c0244deea741ece30c34;;0.0;0.0
177;images2;test;aeAND24BeGybUkdgdweb;3.866067;2019-10-14T12:19:11;GPS_NO_LOC;True;Horizontal (normal);['Impressive'];GPS_NO_LOC;4;;image;Canon EOS 450D -;/Users/andregarstka/Pictures/Local/2019 - Sizilien/;/Users/andregarstka/Pictures/Local/2019 - Sizilien/IMG_4613.JPG;;;2019-10-27;;4272;;True;[];GPS_NO_LOC;;2848;b1fc3428279f93c05b353da6f9946c6d;;0.0;0.0
178;images2;test;auAND24BeGybUkdgdwfF;3.866067;2019-10-14T11:42:36;GPS_NO_LOC;True;Horizontal (normal);['Nice'];GPS_NO_LOC;3;;image;Canon EOS 450D -;/Users/andregarstka/Pictures/Local/2019 - Sizilien/;/Users/andregarstka/Pictures/Local/2019 - Sizilien/IMG_4606.JPG;;;2019-10-27;;4272;;True;[];GPS_NO_LOC;;2848;59d23b7b694bfc6311a88b06afeac62f;;0.0;0.0
