;_index;_type;_id;_score;_source.date;_source.country;_source.orientation;_source.metadata;_source.keywords;_source.city;_source.rating;_source.county;_source.media;_source.lens;_source.dirname;_source.filename;_source.museum;_source.imported;_source.width;_source.location;_source.state;_source.place;_source.height;_source.md5;_source.placeInterpolated;_source.modified;long;lat
0;images2;test;hQnHrmwBgfTRfkP5iXHc;4.023537;2019-03-09T12:38:15;Česko;-;True;[];Praha Malá Strana ;2;okres Hlavní město Praha ;image;iPhone 7 iPhone 7 back camera 3.99mm f/1.8;/Users/andregarstka/Pictures/Local/2019 - Prag/;/Users/andregarstka/Pictures/Local/2019 - Prag/IMG_7323.JPG;;2019-08-20;6646.0;[14.401194444444444, 50.08332777777778];Praha ;True;3794.0;8c8a6ea8c49c86b16dc96409b06d927c;;;50.08;14.4
1;images2;test;ngnHrmwBgfTRfkP5knGb;4.023537;2019-03-09T12:38:23;Česko;Horizontal (normal);True;[];Praha Malá Strana ;2;okres Hlavní město Praha ;image;iPhone 7 iPhone 7 back camera 3.99mm f/1.8;/Users/andregarstka/Pictures/Local/2019 - Prag/;/Users/andregarstka/Pictures/Local/2019 - Prag/IMG_7324.JPG;;2019-08-20;1680.0;[14.401152777777778, 50.08329722222223];Praha ;True;4030.0;bc163019af9446d9f8285f625785875b;;;50.08;14.4
2;images2;test;qwnHrmwBgfTRfkP5l3Fb;4.023537;2019-03-09T12:38:34;Česko;Horizontal (normal);True;[];Praha Malá Strana ;2;okres Hlavní město Praha ;image;SM-G960F -;/Users/andregarstka/Pictures/Local/2019 - Prag/;/Users/andregarstka/Pictures/Local/2019 - Prag/20190309_123834.jpg;;2019-08-20;4032.0;[14.401111111111112, 50.083333333333336];Praha ;True;3024.0;afc9edb7d495e0af01d94e540487cbb4;;;50.08;14.4
3;images2;test;qQnHrmwBgfTRfkP5lnHU;4.023537;2019-03-09T12:42:21;Česko;Horizontal (normal);True;[];Praha Malá Strana ;2;okres Hlavní město Praha ;image;SM-G960F -;/Users/andregarstka/Pictures/Local/2019 - Prag/;/Users/andregarstka/Pictures/Local/2019 - Prag/20190309_124222.jpg;;2019-08-20;3264.0;[14.400555555555556, 50.08361111111111];Praha ;True;2448.0;f9a5f5bd81265e816f64a234deb0a639;;;50.08;14.4
4;images2;test;agnHrmwBgfTRfkP5hHEt;4.023537;2019-03-09T12:52:21;Česko;Horizontal (normal);True;[];Praha Malá Strana ;2;okres Hlavní město Praha ;image;SM-G960F -;/Users/andregarstka/Pictures/Local/2019 - Prag/;/Users/andregarstka/Pictures/Local/2019 - Prag/20190309_125221.jpg;;2019-08-20;4032.0;[14.398888888888889, 50.08388888888889];Praha ;True;3024.0;b1b40f6b9a26c85df87de7e7c1683d87;;;50.08;14.4
5;images2;test;dwnHrmwBgfTRfkP5h3Fk;4.023537;2019-03-09T12:52:30;Česko;Horizontal (normal);True;[];Praha Malá Strana ;2;okres Hlavní město Praha ;image;SM-G960F -;/Users/andregarstka/Pictures/Local/2019 - Prag/;/Users/andregarstka/Pictures/Local/2019 - Prag/20190309_125230.jpg;;2019-08-20;4032.0;[14.398888888888889, 50.08388888888889];Praha ;True;3024.0;55c6e58751348e8028eb19930dd0fff5;;;50.08;14.4
6;images2;test;lQnHrmwBgfTRfkP5jnE3;4.023537;2019-03-09T13:12:14;Česko;Rotated 180;True;[];Praha Malá Strana ;2;okres Hlavní město Praha ;image;iPhone 7 iPhone 7 back camera 3.99mm f/1.8;/Users/andregarstka/Pictures/Local/2019 - Prag/;/Users/andregarstka/Pictures/Local/2019 - Prag/IMG_7327.JPG;;2019-08-20;4032.0;[14.398741666666666, 50.084050000000005];Praha ;True;3024.0;af7131368b848d70446cd314ed486cfd;;;50.08;14.4
7;images2;test;ZwnHrmwBgfTRfkP5g3GK;4.023537;2019-03-09T13:52:19;Česko;Horizontal (normal);True;[];Praha Hradčany ;2;okres Hlavní město Praha ;image;SM-G960F -;/Users/andregarstka/Pictures/Local/2019 - Prag/;/Users/andregarstka/Pictures/Local/2019 - Prag/20190309_135219.jpg;;2019-08-20;4032.0;[14.393888888888888, 50.088055555555556];Praha ;True;3024.0;f7e5a820df951ae27f3d80829ba18813;;;50.09;14.39
8;images2;test;ownHrmwBgfTRfkP5lHHL;4.023537;2019-03-09T13:53:20;Česko;Rotated 90 CW;True;['Nice'];Praha Hradčany ;3;okres Hlavní město Praha ;image;iPhone 7 iPhone 7 back camera 3.99mm f/1.8;/Users/andregarstka/Pictures/Local/2019 - Prag/;/Users/andregarstka/Pictures/Local/2019 - Prag/IMG_7329.JPG;;2019-08-20;4032.0;[14.394788888888888, 50.08828611111112];Praha ;True;3024.0;720f93b7673f291dae4546b608cc4065;;;50.09;14.39
9;images2;test;vAnHrmwBgfTRfkP5pnFw;4.023537;2019-03-10T20:35:44;Česko;Rotated 180;True;[];Praha Nové Město ;2;okres Hlavní město Praha ;image;SM-G960F -;/Users/andregarstka/Pictures/Local/2019 - Prag/;/Users/andregarstka/Pictures/Local/2019 - Prag/20190310_203544.jpg;;2019-08-20;4032.0;[14.431666666666667, 50.07972222222222];Praha ;True;3024.0;80fe4812dcf57059a0007fe2cfdad89b;;;50.08;14.43
10;images2;test;0QnHrmwBgfTRfkP5rnFv;4.023537;2019-03-11T10:48:20;Česko;Rotated 180;True;[];Praha Hradčany ;2;okres Hlavní město Praha ;image;iPhone 7 iPhone 7 back camera 3.99mm f/1.8;/Users/andregarstka/Pictures/Local/2019 - Prag/;/Users/andregarstka/Pictures/Local/2019 - Prag/IMG_7371.JPG;;2019-08-20;4032.0;[14.399569444444444, 50.09085555555556];Praha ;True;3024.0;9ef762b0bc158aaa496c0a287ffd77fe;;;50.09;14.4
11;images2;test;dQnHrmwBgfTRfkP5hnHR;4.023537;2019-03-11T11:04:32;Česko;Horizontal (normal);True;[];Praha Hradčany ;2;okres Hlavní město Praha ;image;SM-G960F -;/Users/andregarstka/Pictures/Local/2019 - Prag/;/Users/andregarstka/Pictures/Local/2019 - Prag/20190311_110432.jpg;;2019-08-20;4032.0;[14.401388888888889, 50.09138888888889];Praha ;True;3024.0;ad856bdb314f2d6269a46f2ee07378d2;;;50.09;14.4
12;images2;test;iAnHrmwBgfTRfkP5i3F0;4.023537;2019-03-11T11:04:40;Česko;Rotated 90 CW;True;[];Praha Hradčany ;2;okres Hlavní město Praha ;image;SM-G960F -;/Users/andregarstka/Pictures/Local/2019 - Prag/;/Users/andregarstka/Pictures/Local/2019 - Prag/20190311_110441.jpg;;2019-08-20;4032.0;[14.401388888888889, 50.09138888888889];Praha ;True;3024.0;e164a66d5e7089c8930cf02109b1c6be;;;50.09;14.4
13;images2;test;ugnHrmwBgfTRfkP5pXGn;4.023537;2019-03-11T11:07:09;Česko;Rotated 180;True;[];Praha Hradčany ;2;okres Hlavní město Praha ;image;SM-G960F -;/Users/andregarstka/Pictures/Local/2019 - Prag/;/Users/andregarstka/Pictures/Local/2019 - Prag/20190311_110710.jpg;;2019-08-20;4032.0;[14.401666666666667, 50.090833333333336];Praha ;True;3024.0;c6531dc73c3f59d7f9eee42108bfd026;;;50.09;14.4
14;images2;test;eAnHrmwBgfTRfkP5h3G4;4.023537;2019-03-11T12:13:46;Česko;Horizontal (normal);True;[];Praha Hradčany ;2;okres Hlavní město Praha ;image;iPhone 7 iPhone 7 back camera 3.99mm f/1.8;/Users/andregarstka/Pictures/Local/2019 - Prag/;/Users/andregarstka/Pictures/Local/2019 - Prag/IMG_7378.JPG;;2019-08-20;4032.0;[14.395713888888888, 50.08927222222223];Praha ;True;3024.0;43ef63562588228672e7598b2537a84e;;;50.09;14.4
15;images2;test;mAnHrmwBgfTRfkP5jnHV;4.023537;2019-03-11T12:29:59;Česko;Horizontal (normal);True;[];Praha Hradčany ;2;okres Hlavní město Praha ;image;SM-G960F -;/Users/andregarstka/Pictures/Local/2019 - Prag/;/Users/andregarstka/Pictures/Local/2019 - Prag/20190311_122959.jpg;;2019-08-20;4032.0;[14.393611111111111, 50.08833333333334];Praha ;True;3024.0;3820232f0b7c143714bc92654a9960d9;;;50.09;14.39
16;images2;test;twnHrmwBgfTRfkP5pHGG;4.023537;2019-03-10T19:05:46;Česko;Rotated 180;True;[];Praha Staré Město ;2;okres Hlavní město Praha ;image;SM-G960F -;/Users/andregarstka/Pictures/Local/2019 - Prag/;/Users/andregarstka/Pictures/Local/2019 - Prag/20190310_190546.jpg;;2019-08-20;4032.0;[14.421666666666667, 50.08777777777778];Praha ;True;3024.0;84fbc0ac7df0905b1452b9bb0da9e898;;;50.09;14.42
17;images2;test;qAnHrmwBgfTRfkP5lnEm;4.023537;2019-03-10T19:05:56;Česko;Rotated 180;True;[];Praha Staré Město ;2;okres Hlavní město Praha ;image;SM-G960F -;/Users/andregarstka/Pictures/Local/2019 - Prag/;/Users/andregarstka/Pictures/Local/2019 - Prag/20190310_190556.jpg;;2019-08-20;4032.0;[14.421666666666667, 50.08777777777778];Praha ;True;3024.0;12e94cc03456040ea304217c926e911e;;;50.09;14.42
18;images2;test;pwnHrmwBgfTRfkP5lXHl;4.023537;2019-03-10T19:11:04;Česko;Rotated 180;True;[];Praha Staré Město ;2;okres Hlavní město Praha ;image;SM-G960F -;/Users/andregarstka/Pictures/Local/2019 - Prag/;/Users/andregarstka/Pictures/Local/2019 - Prag/20190310_191104.jpg;;2019-08-20;4032.0;[14.420555555555556, 50.08694444444445];Praha ;True;3024.0;2e285d3dd21136a7bb9ea10e10826bf0;;;50.09;14.42
19;images2;test;zgnHrmwBgfTRfkP5rHHh;4.023537;2019-03-10T19:47:41;Česko;Horizontal (normal);True;[];Praha Nové Město ;2;okres Hlavní město Praha ;image;SM-G960F -;/Users/andregarstka/Pictures/Local/2019 - Prag/;/Users/andregarstka/Pictures/Local/2019 - Prag/20190310_194742.jpg;;2019-08-20;4032.0;[14.42861111111111, 50.08027777777778];Praha ;True;3024.0;58d700d4d12467d9a646b4cbaad0b380;;;50.08;14.43
20;images2;test;zAnHrmwBgfTRfkP5rHEW;4.023537;2019-03-10T19:47:46;Česko;Horizontal (normal);True;[];Praha Nové Město ;2;okres Hlavní město Praha ;image;SM-G960F -;/Users/andregarstka/Pictures/Local/2019 - Prag/;/Users/andregarstka/Pictures/Local/2019 - Prag/20190310_194746.jpg;;2019-08-20;4032.0;[14.42861111111111, 50.08027777777778];Praha ;True;3024.0;18dacb9dd08c81d1e8f3d07742c2eab2;;;50.08;14.43
21;images2;test;1gnHrmwBgfTRfkP5sHEY;4.023537;2019-03-10T19:51:28;Česko;Rotated 180;True;[];Praha Nové Město ;2;okres Hlavní město Praha ;image;iPhone 7 iPhone 7 back camera 3.99mm f/1.8;/Users/andregarstka/Pictures/Local/2019 - Prag/;/Users/andregarstka/Pictures/Local/2019 - Prag/IMG_7367.JPG;;2019-08-20;4032.0;[14.428775, 50.080325];Praha ;True;3024.0;a063bc93994b6441fb144af9742da7d8;;;50.08;14.43
22;images2;test;bQnHrmwBgfTRfkP5hXE0;4.023537;2019-03-10T20:27:34;Česko;Rotated 180;True;[];Praha Vinohrady ;2;okres Hlavní město Praha ;image;iPhone 7 iPhone 7 back camera 3.99mm f/1.8;/Users/andregarstka/Pictures/Local/2019 - Prag/;/Users/andregarstka/Pictures/Local/2019 - Prag/IMG_7369.JPG;;2019-08-20;4032.0;[14.4488, 50.07653888888889];Praha ;True;3024.0;619e758d64550eb42f92ad85d0713a62;;;50.08;14.45
23;images2;test;rgnHrmwBgfTRfkP5mHEF;4.023537;2019-03-08T22:05:36;Česko;Horizontal (normal);True;[];Praha;2;okres Hlavní město Praha ;image;SM-G960F -;/Users/andregarstka/Pictures/Local/2019 - Prag/;/Users/andregarstka/Pictures/Local/2019 - Prag/20190308_220536.jpg;;2019-08-20;4032.0;[14.401944444444444, 50.08027777777778];Praha;True;3024.0;6155dd4a392af27c444ea2bd81d87375;True;;50.08;14.4
24;images2;test;xAnHrmwBgfTRfkP5qXHV;4.023537;2019-03-08T22:05:56;Česko;Horizontal (normal);True;[];Praha;2;okres Hlavní město Praha ;image;SM-G960F -;/Users/andregarstka/Pictures/Local/2019 - Prag/;/Users/andregarstka/Pictures/Local/2019 - Prag/20190308_220556.jpg;;2019-08-20;4032.0;[14.401944444444444, 50.080555555555556];Praha;True;3024.0;ef9edf34dfeace04f46deef99b774023;True;;50.08;14.4
25;images2;test;pQnHrmwBgfTRfkP5lXF1;4.023537;2019-03-09T13:16:33;Česko;-;True;['Nice', 'Impressive'];Praha;4;okres Hlavní město Praha ;image;iPhone 7 iPhone 7 back camera 3.99mm f/1.8;/Users/andregarstka/Pictures/Local/2019 - Prag/;/Users/andregarstka/Pictures/Local/2019 - Prag/IMG_7328.JPG;;2019-08-20;1768.0;[14.397097222222222, 50.084247222222224];Praha;True;1326.0;a0a9816750e5dd4de1c97e28c0bd7557;True;;50.08;14.4
26;images2;test;uQnHrmwBgfTRfkP5pXE-;4.023537;2019-03-09T13:45:51;Česko;Horizontal (normal);True;[];Praha;2;okres Hlavní město Praha ;image;SM-G960F -;/Users/andregarstka/Pictures/Local/2019 - Prag/;/Users/andregarstka/Pictures/Local/2019 - Prag/20190309_134551.jpg;;2019-08-20;4032.0;[14.390277777777778, 50.08694444444445];Praha;True;3024.0;98ac151c5f0e25e1c9d74cffc472a5d7;True;;50.09;14.39
27;images2;test;cwnHrmwBgfTRfkP5hnGJ;4.023537;2019-03-11T12:30:12;Česko;Horizontal (normal);True;[];Praha Hradčany ;2;okres Hlavní město Praha ;image;SM-G960F -;/Users/andregarstka/Pictures/Local/2019 - Prag/;/Users/andregarstka/Pictures/Local/2019 - Prag/20190311_123012.jpg;;2019-08-20;4032.0;[14.393611111111111, 50.08833333333334];Praha ;True;3024.0;0be2343b8d66d53a0cd82b954669d25d;;;50.09;14.39
28;images2;test;ywnHrmwBgfTRfkP5q3HQ;4.023537;2019-03-11T12:34:27;Česko;Rotated 90 CW;True;[];Praha Malá Strana ;2;okres Hlavní město Praha ;image;SM-G960F -;/Users/andregarstka/Pictures/Local/2019 - Prag/;/Users/andregarstka/Pictures/Local/2019 - Prag/20190311_123427.jpg;;2019-08-20;4032.0;[14.397499999999999, 50.08861111111111];Praha ;True;3024.0;21c1646e265b8fb0957127848a8318bb;;;50.09;14.4
29;images2;test;ZAnHrmwBgfTRfkP5gHGO;4.023537;2019-03-11T10:54:01;Česko;Horizontal (normal);True;[];Praha;2;unknown;image;SM-G960F -;/Users/andregarstka/Pictures/Local/2019 - Prag/;/Users/andregarstka/Pictures/Local/2019 - Prag/20190311_105401.jpg;;2019-08-20;4032.0;[];Praha;True;3024.0;397b9db2ce4e110b0c373551fa594ec5;True;;0.0;0.0
30;images2;test;zwnHrmwBgfTRfkP5rXHS;4.023537;2019-03-09T12:41:35;Česko;Horizontal (normal);True;[];Praha;2;unknown;image;SM-G960F -;/Users/andregarstka/Pictures/Local/2019 - Prag/;/Users/andregarstka/Pictures/Local/2019 - Prag/20190309_124127.jpg;;2019-08-20;6448.0;[];Praha;True;3904.0;766ec6b9ad15310693fd42beec9035ac;True;;0.0;0.0
31;images2;test;vgnHrmwBgfTRfkP5p3Eo;4.023537;2019-03-10T13:42:30;Česko;Rotated 90 CW;True;[];Praha Hradčany ;2;okres Hlavní město Praha ;image;SM-G960F -;/Users/andregarstka/Pictures/Local/2019 - Prag/;/Users/andregarstka/Pictures/Local/2019 - Prag/20190310_134230.jpg;;2019-08-20;4032.0;[14.399722222222222, 50.09055555555556];Praha ;True;3024.0;39c23bb32048838d020570e68beec12b;;;50.09;14.4
32;images2;test;0AnHrmwBgfTRfkP5rnEn;4.023537;2019-03-10T13:43:18;Česko;Rotated 90 CW;True;[];Praha Hradčany ;2;okres Hlavní město Praha ;image;SM-G960F -;/Users/andregarstka/Pictures/Local/2019 - Prag/;/Users/andregarstka/Pictures/Local/2019 - Prag/20190310_134318.jpg;;2019-08-20;4032.0;[14.401666666666667, 50.090833333333336];Praha ;True;3024.0;1fde3a9818dbd96b4ff63c27ca662043;;;50.09;14.4
33;images2;test;rwnHrmwBgfTRfkP5mHEm;4.023537;2019-03-10T13:43:56;Česko;Rotated 90 CW;True;[];Praha Hradčany ;2;okres Hlavní město Praha ;image;SM-G960F -;/Users/andregarstka/Pictures/Local/2019 - Prag/;/Users/andregarstka/Pictures/Local/2019 - Prag/20190310_134356.jpg;;2019-08-20;4032.0;[14.401944444444444, 50.09111111111111];Praha ;True;3024.0;f129b44abde814ae81dec3c43425709f;;;50.09;14.4
34;images2;test;uAnHrmwBgfTRfkP5pHHa;4.023537;2019-03-10T13:47:42;Česko;Horizontal (normal);True;[];Praha Hradčany ;2;okres Hlavní město Praha ;image;SM-G960F -;/Users/andregarstka/Pictures/Local/2019 - Prag/;/Users/andregarstka/Pictures/Local/2019 - Prag/20190310_134743.jpg;;2019-08-20;4032.0;[14.401666666666667, 50.090833333333336];Praha ;True;3024.0;d96ec8f46ab2183e5d1bb5992972e82b;;;50.09;14.4
35;images2;test;ZgnHrmwBgfTRfkP5g3E2;4.023537;2019-03-10T13:49:36;Česko;Rotated 90 CW;True;[];Praha Hradčany ;2;okres Hlavní město Praha ;image;SM-G960F -;/Users/andregarstka/Pictures/Local/2019 - Prag/;/Users/andregarstka/Pictures/Local/2019 - Prag/20190310_134936.jpg;;2019-08-20;4032.0;[14.401944444444444, 50.09111111111111];Praha ;True;3024.0;97356594515085ab13638dd8ec3c5438;;;50.09;14.4
36;images2;test;jwnHrmwBgfTRfkP5jXEH;4.023537;2019-03-10T13:54:55;Česko;Horizontal (normal);True;[];Praha Hradčany ;2;okres Hlavní město Praha ;image;SM-G960F -;/Users/andregarstka/Pictures/Local/2019 - Prag/;/Users/andregarstka/Pictures/Local/2019 - Prag/20190310_135455.jpg;;2019-08-20;4032.0;[14.401666666666667, 50.090833333333336];Praha ;True;3024.0;5fe19beed999988782df7cc413b6e5e0;;;50.09;14.4
37;images2;test;tQnHrmwBgfTRfkP5o3Hq;4.023537;2019-03-10T13:55:01;Česko;Horizontal (normal);True;[];Praha Hradčany ;2;okres Hlavní město Praha ;image;SM-G960F -;/Users/andregarstka/Pictures/Local/2019 - Prag/;/Users/andregarstka/Pictures/Local/2019 - Prag/20190310_135501.jpg;;2019-08-20;4032.0;[14.401666666666667, 50.090833333333336];Praha ;True;3024.0;96379a6ef2532f8fc86f8de313477e1d;;;50.09;14.4
38;images2;test;tAnHrmwBgfTRfkP5o3GS;4.023537;2019-03-10T13:55:29;Česko;Rotated 90 CW;True;[];Praha Hradčany ;2;okres Hlavní město Praha ;image;SM-G960F -;/Users/andregarstka/Pictures/Local/2019 - Prag/;/Users/andregarstka/Pictures/Local/2019 - Prag/20190310_135529.jpg;;2019-08-20;4032.0;[14.401666666666667, 50.090833333333336];Praha ;True;3024.0;4bdd3b49f8489fc6289612ad59ecb04a;;;50.09;14.4
39;images2;test;xgnHrmwBgfTRfkP5qnF9;4.023537;2019-03-10T13:58:37;Česko;Rotated 90 CW;True;[];Praha Hradčany ;2;okres Hlavní město Praha ;image;SM-G960F -;/Users/andregarstka/Pictures/Local/2019 - Prag/;/Users/andregarstka/Pictures/Local/2019 - Prag/20190310_135837.jpg;;2019-08-20;4032.0;[14.400555555555556, 50.09055555555556];Praha ;True;3024.0;2afcc4a7c4e94d3285affdead3b3393b;;;50.09;14.4
40;images2;test;dgnHrmwBgfTRfkP5h3EK;4.023537;2019-03-09T16:56:14;Česko;Rotated 90 CW;True;[];Praha Malá Strana ;2;okres Hlavní město Praha ;image;SM-G960F -;/Users/andregarstka/Pictures/Local/2019 - Prag/;/Users/andregarstka/Pictures/Local/2019 - Prag/20190309_165614.jpg;;2019-08-20;4032.0;[14.403611111111111, 50.089444444444446];Praha ;True;3024.0;eee6c00214b0851d5330c15f0a0fa01e;;;50.09;14.4
41;images2;test;mgnHrmwBgfTRfkP5j3FT;4.023537;2019-03-09T16:59:32;Česko;Horizontal (normal);True;[];Praha Hradčany ;2;okres Hlavní město Praha ;image;SM-G960F -;/Users/andregarstka/Pictures/Local/2019 - Prag/;/Users/andregarstka/Pictures/Local/2019 - Prag/20190309_165932.jpg;;2019-08-20;4032.0;[14.405277777777778, 50.091944444444444];Praha ;True;3024.0;06407e55a03f58b980dd47aadd1cfdca;;;50.09;14.41
42;images2;test;wAnHrmwBgfTRfkP5p3G6;4.023537;2019-03-09T16:59:49;Česko;Horizontal (normal);True;[];Praha Malá Strana ;2;okres Hlavní město Praha ;image;SM-G960F -;/Users/andregarstka/Pictures/Local/2019 - Prag/;/Users/andregarstka/Pictures/Local/2019 - Prag/20190309_165949.jpg;;2019-08-20;4032.0;[14.40611111111111, 50.091944444444444];Praha ;True;3024.0;bcc0cb29b3f1f5b19363bc83fc5ad16b;;;50.09;14.41
43;images2;test;wgnHrmwBgfTRfkP5qHHt;4.023537;2019-03-09T17:00:01;Česko;Horizontal (normal);True;[];Praha Malá Strana ;2;okres Hlavní město Praha ;image;SM-G960F -;/Users/andregarstka/Pictures/Local/2019 - Prag/;/Users/andregarstka/Pictures/Local/2019 - Prag/20190309_170001.jpg;;2019-08-20;4032.0;[14.40611111111111, 50.091944444444444];Praha ;True;3024.0;7be84d8a2e8d7f2a6acb1564044ad2ce;;;50.09;14.41
44;images2;test;oAnHrmwBgfTRfkP5lHEh;4.023537;2019-03-09T17:00:47;Česko;Rotated 90 CW;True;[];Praha Malá Strana ;2;okres Hlavní město Praha ;image;SM-G960F -;/Users/andregarstka/Pictures/Local/2019 - Prag/;/Users/andregarstka/Pictures/Local/2019 - Prag/20190309_170047.jpg;;2019-08-20;4032.0;[14.405833333333334, 50.09166666666667];Praha ;True;3024.0;0d35bdd018f6caf4fd1ce6bebb3ba161;;;50.09;14.41
45;images2;test;jQnHrmwBgfTRfkP5jHGm;4.023537;2019-03-09T17:00:55;Česko;Rotated 90 CW;True;[];Praha Malá Strana ;2;okres Hlavní město Praha ;image;SM-G960F -;/Users/andregarstka/Pictures/Local/2019 - Prag/;/Users/andregarstka/Pictures/Local/2019 - Prag/20190309_170055.jpg;;2019-08-20;4032.0;[14.405833333333334, 50.09166666666667];Praha ;True;3024.0;6e20d1ed913c207fc4674642800aa1fe;;;50.09;14.41
46;images2;test;gAnHrmwBgfTRfkP5iHHy;4.023537;2019-03-09T17:00:57;Česko;Rotated 90 CW;True;[];Praha Malá Strana ;2;okres Hlavní město Praha ;image;SM-G960F -;/Users/andregarstka/Pictures/Local/2019 - Prag/;/Users/andregarstka/Pictures/Local/2019 - Prag/20190309_170057.jpg;;2019-08-20;4032.0;[14.405833333333334, 50.09166666666667];Praha ;True;3024.0;066f56a0819693dcb8a939004918c0a5;;;50.09;14.41
47;images2;test;uwnHrmwBgfTRfkP5pnEM;4.023537;2019-03-09T17:02:33;Česko;Rotated 180;True;[];Praha Hradčany ;2;okres Hlavní město Praha ;image;iPhone 7 iPhone 7 back camera 3.99mm f/1.8;/Users/andregarstka/Pictures/Local/2019 - Prag/;/Users/andregarstka/Pictures/Local/2019 - Prag/IMG_7338.JPG;;2019-08-20;4032.0;[14.405780555555555, 50.091686111111116];Praha ;True;3024.0;8d8be29d7f4b63a2f17cab046a6e051d;;;50.09;14.41
48;images2;test;YgnHrmwBgfTRfkP5gHEm;4.023537;2019-03-09T17:19:15;Česko;Rotated 180;True;[];Praha Malá Strana ;2;okres Hlavní město Praha ;image;iPhone 7 iPhone 7 back camera 3.99mm f/1.8;/Users/andregarstka/Pictures/Local/2019 - Prag/;/Users/andregarstka/Pictures/Local/2019 - Prag/IMG_7342.JPG;;2019-08-20;4032.0;[14.410225, 50.09101388888889];Praha ;True;3024.0;c6390688a66614a4418fe6d3fc86e5ac;;;50.09;14.41
49;images2;test;eQnHrmwBgfTRfkP5h3Hg;4.023537;2019-03-09T17:19:58;Česko;Rotated 180;True;[];Praha Malá Strana ;2;okres Hlavní město Praha ;image;iPhone 7 iPhone 7 back camera 3.99mm f/1.8;/Users/andregarstka/Pictures/Local/2019 - Prag/;/Users/andregarstka/Pictures/Local/2019 - Prag/IMG_7344.JPG;;2019-08-20;4032.0;[14.41046388888889, 50.090919444444445];Praha ;True;3024.0;0e51394e0163ebc072e41ac7e32dfb4a;;;50.09;14.41
50;images2;test;cgnHrmwBgfTRfkP5hnFG;4.023537;2019-03-09T17:25:43;Česko;Rotated 180;True;[];Praha Malá Strana ;2;okres Hlavní město Praha ;image;iPhone 7 iPhone 7 back camera 3.99mm f/1.8;/Users/andregarstka/Pictures/Local/2019 - Prag/;/Users/andregarstka/Pictures/Local/2019 - Prag/IMG_7345.JPG;;2019-08-20;4032.0;[14.410558333333334, 50.088858333333334];Praha ;True;3024.0;dd66ce19781171a037a1b7c9786063b7;;;50.09;14.41
51;images2;test;ZQnHrmwBgfTRfkP5gnHZ;4.023537;2019-03-09T14:02:43;Česko;Horizontal (normal);True;[];Praha Malá Strana ;2;okres Hlavní město Praha ;image;SM-G960F -;/Users/andregarstka/Pictures/Local/2019 - Prag/;/Users/andregarstka/Pictures/Local/2019 - Prag/20190309_140243.jpg;;2019-08-20;4032.0;[14.398333333333333, 50.08833333333334];Praha ;True;3024.0;b89d558c13e1447e49cc9234fd62dfce;;;50.09;14.4
52;images2;test;nwnHrmwBgfTRfkP5k3GW;4.023537;2019-03-09T14:05:26;Česko;Rotated 180;True;[];Praha Malá Strana ;2;okres Hlavní město Praha ;image;iPhone 7 iPhone 7 back camera 3.99mm f/1.8;/Users/andregarstka/Pictures/Local/2019 - Prag/;/Users/andregarstka/Pictures/Local/2019 - Prag/IMG_7330.JPG;;2019-08-20;4032.0;[14.398433333333333, 50.088344444444445];Praha ;True;3024.0;b08bf7b16d5a7f47b0a7b28a65e8fc0d;;;50.09;14.4
53;images2;test;kgnHrmwBgfTRfkP5jXG4;4.023537;2019-03-09T15:20:27;Česko;Rotated 180;True;[];Praha Malá Strana ;2;okres Hlavní město Praha ;image;iPhone 7 iPhone 7 back camera 3.99mm f/1.8;/Users/andregarstka/Pictures/Local/2019 - Prag/;/Users/andregarstka/Pictures/Local/2019 - Prag/IMG_7332.JPG;;2019-08-20;4032.0;[14.398422222222221, 50.08833333333334];Praha ;True;3024.0;1044076c79d3797f1e7ec6fd20fb32dd;;;50.09;14.4
54;images2;test;lAnHrmwBgfTRfkP5jnEI;4.023537;2019-03-09T15:23:52;Česko;Rotated 180;True;[];Praha Malá Strana ;2;okres Hlavní město Praha ;image;iPhone 7 iPhone 7 back camera 3.99mm f/1.8;/Users/andregarstka/Pictures/Local/2019 - Prag/;/Users/andregarstka/Pictures/Local/2019 - Prag/IMG_7333.JPG;;2019-08-20;4032.0;[14.398433333333333, 50.08834166666667];Praha ;True;3024.0;9490e24082f8856ded2fdcce80dad5dd;;;50.09;14.4
55;images2;test;gQnHrmwBgfTRfkP5iXEX;4.023537;2019-03-09T15:31:57;Česko;Rotated 180;True;[];Praha Malá Strana ;2;okres Hlavní město Praha ;image;iPhone 7 iPhone 7 back camera 3.99mm f/1.8;/Users/andregarstka/Pictures/Local/2019 - Prag/;/Users/andregarstka/Pictures/Local/2019 - Prag/IMG_7334.JPG;;2019-08-20;4032.0;[14.397030555555554, 50.088550000000005];Praha ;True;3024.0;6f44906814b4da458d4e7b03c6ceac2a;;;50.09;14.4
56;images2;test;xQnHrmwBgfTRfkP5qnFD;4.023537;2019-03-09T15:35:46;Česko;Horizontal (normal);True;[];Praha Malá Strana ;2;okres Hlavní město Praha ;image;SM-G960F -;/Users/andregarstka/Pictures/Local/2019 - Prag/;/Users/andregarstka/Pictures/Local/2019 - Prag/20190309_153546.jpg;;2019-08-20;4032.0;[14.398333333333333, 50.08833333333334];Praha ;True;3024.0;97fe951d8a3e5557523ef7a1f90e4245;;;50.09;14.4
57;images2;test;hAnHrmwBgfTRfkP5iXGw;4.023537;2019-03-09T15:50:14;Česko;Rotated 180;True;[];Praha Hradčany ;2;okres Hlavní město Praha ;image;iPhone 7 iPhone 7 back camera 3.99mm f/1.8;/Users/andregarstka/Pictures/Local/2019 - Prag/;/Users/andregarstka/Pictures/Local/2019 - Prag/IMG_7335.JPG;;2019-08-20;4032.0;[14.401625000000001, 50.091208333333334];Praha ;True;3024.0;acd72825311e9c1583c868dd32e4fa0b;;;50.09;14.4
58;images2;test;cAnHrmwBgfTRfkP5hXHU;4.023537;2019-03-09T16:04:33;Česko;Horizontal (normal);True;[];Praha Hradčany ;2;okres Hlavní město Praha ;image;SM-G960F -;/Users/andregarstka/Pictures/Local/2019 - Prag/;/Users/andregarstka/Pictures/Local/2019 - Prag/20190309_160433.jpg;;2019-08-20;4032.0;[14.400277777777777, 50.09027777777778];Praha ;True;3024.0;47e88aa671e49df6d5dda791e5b6c363;;;50.09;14.4
59;images2;test;1QnHrmwBgfTRfkP5r3Gq;4.023537;2019-03-09T16:04:39;Česko;Horizontal (normal);True;[];Praha Hradčany ;2;okres Hlavní město Praha ;image;SM-G960F -;/Users/andregarstka/Pictures/Local/2019 - Prag/;/Users/andregarstka/Pictures/Local/2019 - Prag/20190309_160439.jpg;;2019-08-20;4032.0;[14.400277777777777, 50.09027777777778];Praha ;True;3024.0;9d0f3dbdf9164ec4e3b2cd8edad2bd8e;;;50.09;14.4
60;images2;test;nAnHrmwBgfTRfkP5j3Hj;4.023537;2019-03-09T16:04:53;Česko;Horizontal (normal);True;[];Praha Hradčany ;2;okres Hlavní město Praha ;image;SM-G960F -;/Users/andregarstka/Pictures/Local/2019 - Prag/;/Users/andregarstka/Pictures/Local/2019 - Prag/20190309_160453.jpg;;2019-08-20;4032.0;[14.400555555555556, 50.09027777777778];Praha ;True;3024.0;1f2885e54111141d1023d9333b4b6637;;;50.09;14.4
61;images2;test;ignHrmwBgfTRfkP5jHEK;4.023537;2019-03-09T16:29:49;Česko;Rotated 90 CW;True;[];Praha Hradčany ;2;okres Hlavní město Praha ;image;iPhone 7 iPhone 7 back camera 3.99mm f/1.8;/Users/andregarstka/Pictures/Local/2019 - Prag/;/Users/andregarstka/Pictures/Local/2019 - Prag/IMG_7336.JPG;;2019-08-20;4032.0;[14.403622222222223, 50.09193888888889];Praha ;True;3024.0;f4fa37bd1fe4160b87b7c4ed0be2db50;;;50.09;14.4
62;images2;test;hgnHrmwBgfTRfkP5inG2;4.023537;2019-03-09T16:32:32;Česko;Rotated 180;True;[];Praha Hradčany ;2;okres Hlavní město Praha ;image;iPhone 7 iPhone 7 back camera 3.99mm f/1.8;/Users/andregarstka/Pictures/Local/2019 - Prag/;/Users/andregarstka/Pictures/Local/2019 - Prag/IMG_7337.JPG;;2019-08-20;4032.0;[14.403622222222223, 50.09193888888889];Praha ;True;3024.0;2c449bbc1add317f46e5192087aa3ec5;;;50.09;14.4
63;images2;test;vQnHrmwBgfTRfkP5pnHv;4.023537;2019-03-09T16:54:43;Česko;Rotated 90 CW;True;[];Praha Hradčany ;2;okres Hlavní město Praha ;image;SM-G960F -;/Users/andregarstka/Pictures/Local/2019 - Prag/;/Users/andregarstka/Pictures/Local/2019 - Prag/20190309_165443.jpg;;2019-08-20;4032.0;[14.404722222222222, 50.092222222222226];Praha ;True;3024.0;bf7f76e49de4e217bbedfaf532f645e9;;;50.09;14.4
64;images2;test;ognHrmwBgfTRfkP5lHGY;4.023537;2019-03-09T17:51:32;Česko;Horizontal (normal);True;[];Praha Malá Strana ;2;okres Hlavní město Praha ;image;SM-G960F -;/Users/andregarstka/Pictures/Local/2019 - Prag/;/Users/andregarstka/Pictures/Local/2019 - Prag/20190309_175132.jpg;;2019-08-20;4032.0;[14.410277777777779, 50.086666666666666];Praha ;True;3024.0;b3d19c64dccb01e7c83e215921c029dd;;;50.09;14.41
65;images2;test;tgnHrmwBgfTRfkP5pHFK;4.023537;2019-03-09T17:51:34;Česko;Horizontal (normal);True;[];Praha Malá Strana ;2;okres Hlavní město Praha ;image;SM-G960F -;/Users/andregarstka/Pictures/Local/2019 - Prag/;/Users/andregarstka/Pictures/Local/2019 - Prag/20190309_175135.jpg;;2019-08-20;4032.0;[14.410277777777779, 50.086666666666666];Praha ;True;3024.0;4939ed0f5ef48549d3b308421de9186a;;;50.09;14.41
66;images2;test;bwnHrmwBgfTRfkP5hXGf;4.023537;2019-03-09T17:52:04;Česko;Horizontal (normal);True;[];Praha Staré Město ;2;okres Hlavní město Praha ;image;SM-G960F -;/Users/andregarstka/Pictures/Local/2019 - Prag/;/Users/andregarstka/Pictures/Local/2019 - Prag/20190309_175204.jpg;;2019-08-20;4032.0;[14.414722222222222, 50.08777777777778];Praha ;True;3024.0;c1709d6e6f363d52e7c0fd96be75dc7f;;;50.09;14.41
67;images2;test;pgnHrmwBgfTRfkP5lXG2;4.023537;2019-03-09T17:59:12;Česko;Horizontal (normal);True;[];Praha Malá Strana ;2;okres Hlavní město Praha ;image;SM-G960F -;/Users/andregarstka/Pictures/Local/2019 - Prag/;/Users/andregarstka/Pictures/Local/2019 - Prag/20190309_175912.jpg;;2019-08-20;4032.0;[14.413055555555555, 50.08694444444445];Praha ;True;3024.0;6b36e69c5900979d1c4d70dcde37a56e;;;50.09;14.41
68;images2;test;aQnHrmwBgfTRfkP5g3H0;4.023537;2019-03-09T18:20:49;Česko;Horizontal (normal);True;[];Praha Staré Město ;2;okres Hlavní město Praha ;image;SM-G960F -;/Users/andregarstka/Pictures/Local/2019 - Prag/;/Users/andregarstka/Pictures/Local/2019 - Prag/20190309_182049.jpg;;2019-08-20;4032.0;[14.420833333333333, 50.08694444444445];Praha ;True;3024.0;e9e73f53f0b69ef377d3b2c033802395;;;50.09;14.42
69;images2;test;YwnHrmwBgfTRfkP5gHFZ;4.023537;2019-03-09T20:14:58;Česko;Rotated 180;True;[];Praha Nové Město ;2;okres Hlavní město Praha ;image;iPhone 7 iPhone 7 back camera 3.99mm f/1.8;/Users/andregarstka/Pictures/Local/2019 - Prag/;/Users/andregarstka/Pictures/Local/2019 - Prag/IMG_7356.JPG;;2019-08-20;4032.0;[14.4225, 50.07752222222223];Praha ;True;3024.0;312038c1dc02e3de3750d167295289e0;;;50.08;14.42
70;images2;test;YQnHrmwBgfTRfkP5f3H-;4.023537;2019-03-09T20:15:19;Česko;Rotated 180;True;[];Praha Nové Město ;2;okres Hlavní město Praha ;image;iPhone 7 iPhone 7 back camera 3.99mm f/1.8;/Users/andregarstka/Pictures/Local/2019 - Prag/;/Users/andregarstka/Pictures/Local/2019 - Prag/IMG_7357.JPG;;2019-08-20;4032.0;[14.422769444444445, 50.07746388888889];Praha ;True;3024.0;3e13debd0e6f91219cf8e460cf940dcf;;;50.08;14.42
71;images2;test;mQnHrmwBgfTRfkP5j3EN;4.023537;2019-03-09T21:55:38;Česko;Rotated 180;True;[];Praha Smíchov ;2;okres Hlavní město Praha ;image;SM-G960F -;/Users/andregarstka/Pictures/Local/2019 - Prag/;/Users/andregarstka/Pictures/Local/2019 - Prag/20190309_215538.jpg;;2019-08-20;4032.0;[14.40638888888889, 50.07194444444445];Praha ;True;3024.0;7a30b2009e6adf8ac284f765165f71dc;;;50.07;14.41
72;images2;test;yAnHrmwBgfTRfkP5q3Ea;4.023537;2019-03-10T13:38:46;Česko;Rotated 90 CW;True;[];Praha Hradčany ;2;okres Hlavní město Praha ;image;iPhone 7 iPhone 7 back camera 3.99mm f/1.8;/Users/andregarstka/Pictures/Local/2019 - Prag/;/Users/andregarstka/Pictures/Local/2019 - Prag/IMG_7360.JPG;;2019-08-20;4032.0;[14.40168888888889, 50.091033333333336];Praha ;True;3024.0;ac8ca3553685f6bf29dcec60c8ec8cab;;;50.09;14.4
73;images2;test;wQnHrmwBgfTRfkP5qHGk;4.023537;2019-03-10T14:25:10;Česko;Rotated 90 CW;True;[];Praha Hradčany ;2;okres Hlavní město Praha ;image;SM-G960F -;/Users/andregarstka/Pictures/Local/2019 - Prag/;/Users/andregarstka/Pictures/Local/2019 - Prag/20190310_142510.jpg;;2019-08-20;4032.0;[14.401666666666667, 50.090833333333336];Praha ;True;3024.0;423e4e0413d1992eee5ab3a49a37e166;;;50.09;14.4
74;images2;test;lwnHrmwBgfTRfkP5jnGZ;4.023537;2019-03-10T14:31:39;Česko;Rotated 90 CW;True;[];Praha Hradčany ;2;okres Hlavní město Praha ;image;SM-G960F -;/Users/andregarstka/Pictures/Local/2019 - Prag/;/Users/andregarstka/Pictures/Local/2019 - Prag/20190310_143139.jpg;;2019-08-20;4032.0;[14.403333333333334, 50.09166666666667];Praha ;True;3024.0;93045d4ab1fea94ab9d02d5e819dde11;;;50.09;14.4
75;images2;test;egnHrmwBgfTRfkP5iHEK;4.023537;2019-03-10T14:31:58;Česko;Rotated 90 CW;True;[];Praha Hradčany ;2;okres Hlavní město Praha ;image;SM-G960F -;/Users/andregarstka/Pictures/Local/2019 - Prag/;/Users/andregarstka/Pictures/Local/2019 - Prag/20190310_143158.jpg;;2019-08-20;4032.0;[14.403333333333334, 50.09166666666667];Praha ;True;3024.0;f1c795bf22cff4c42824652901ce2e68;;;50.09;14.4
76;images2;test;iQnHrmwBgfTRfkP5i3HV;4.023537;2019-03-10T14:33:02;Česko;Rotated 90 CW;True;[];Praha Hradčany ;2;okres Hlavní město Praha ;image;SM-G960F -;/Users/andregarstka/Pictures/Local/2019 - Prag/;/Users/andregarstka/Pictures/Local/2019 - Prag/20190310_143302.jpg;;2019-08-20;4032.0;[14.401666666666667, 50.090833333333336];Praha ;True;3024.0;1d0219fd1356dc50dca5eba246e1185b;;;50.09;14.4
77;images2;test;kwnHrmwBgfTRfkP5jXHZ;4.023537;2019-03-10T14:33:12;Česko;Rotated 90 CW;True;[];Praha Hradčany ;2;okres Hlavní město Praha ;image;SM-G960F -;/Users/andregarstka/Pictures/Local/2019 - Prag/;/Users/andregarstka/Pictures/Local/2019 - Prag/20190310_143312.jpg;;2019-08-20;4032.0;[14.401666666666667, 50.090833333333336];Praha ;True;3024.0;df02bc0ee22d24da21024bd652e23044;;;50.09;14.4
78;images2;test;pAnHrmwBgfTRfkP5lXE5;4.023537;2019-03-10T15:55:43;Česko;Rotated 90 CW;True;[];Praha Staré Město ;2;okres Hlavní město Praha ;image;SM-G960F -;/Users/andregarstka/Pictures/Local/2019 - Prag/;/Users/andregarstka/Pictures/Local/2019 - Prag/20190310_155543.jpg;;2019-08-20;4032.0;[14.423055555555555, 50.08416666666667];Praha ;True;3024.0;938a9cd6cc33b15452a3149374190d90;;;50.08;14.42
79;images2;test;fwnHrmwBgfTRfkP5iHHS;4.023537;2019-03-10T17:41:24;Česko;Rotated 90 CW;True;[];Praha Staré Město ;2;okres Hlavní město Praha ;image;SM-G960F -;/Users/andregarstka/Pictures/Local/2019 - Prag/;/Users/andregarstka/Pictures/Local/2019 - Prag/20190310_174124.jpg;;2019-08-20;4032.0;[14.420833333333333, 50.086111111111116];Praha ;True;3024.0;2f1024ba3cac59318a84f22e8d975378;;;50.09;14.42
80;images2;test;fQnHrmwBgfTRfkP5iHGK;4.023537;2019-03-10T18:33:41;Česko;Rotated 90 CW;True;[];Praha Staré Město ;2;okres Hlavní město Praha ;image;SM-G960F -;/Users/andregarstka/Pictures/Local/2019 - Prag/;/Users/andregarstka/Pictures/Local/2019 - Prag/20190310_183341.jpg;;2019-08-20;4032.0;[14.420833333333333, 50.08694444444445];Praha ;True;3024.0;006c07ca5c15f12a0c37d86a1bd47018;;;50.09;14.42
81;images2;test;fgnHrmwBgfTRfkP5iHG2;4.023537;2019-03-10T18:33:55;Česko;Rotated 90 CW;True;[];Praha Staré Město ;2;okres Hlavní město Praha ;image;SM-G960F -;/Users/andregarstka/Pictures/Local/2019 - Prag/;/Users/andregarstka/Pictures/Local/2019 - Prag/20190310_183355.jpg;;2019-08-20;4032.0;[14.420833333333333, 50.08694444444445];Praha ;True;3024.0;9407af331bad6a63ac29d5770dd532b1;;;50.09;14.42
82;images2;test;cQnHrmwBgfTRfkP5hnEU;4.023537;2019-03-10T18:34:24;Česko;Horizontal (normal);True;[];Praha Staré Město ;2;okres Hlavní město Praha ;image;SM-G960F -;/Users/andregarstka/Pictures/Local/2019 - Prag/;/Users/andregarstka/Pictures/Local/2019 - Prag/20190310_183425.jpg;;2019-08-20;4032.0;[14.420833333333333, 50.08694444444445];Praha ;True;3024.0;f7e5ca1f05c4890dfc6f36ff3a613776;;;50.09;14.42
83;images2;test;awnHrmwBgfTRfkP5hHGM;4.023537;2019-03-09T17:28:06;Česko;Rotated 180;True;[];Praha Malá Strana ;2;okres Hlavní město Praha ;image;SM-G960F -;/Users/andregarstka/Pictures/Local/2019 - Prag/;/Users/andregarstka/Pictures/Local/2019 - Prag/20190309_172806.jpg;;2019-08-20;4032.0;[14.411111111111111, 50.08888888888889];Praha ;True;3024.0;05b7130fe7985722cf323f7f95d5c559;;;50.09;14.41
84;images2;test;jAnHrmwBgfTRfkP5jHFw;4.023537;2019-03-09T17:28:59;Česko;Rotated 180;True;[];Praha Malá Strana ;2;okres Hlavní město Praha ;image;SM-G960F -;/Users/andregarstka/Pictures/Local/2019 - Prag/;/Users/andregarstka/Pictures/Local/2019 - Prag/20190309_172859.jpg;;2019-08-20;4032.0;[14.411388888888888, 50.08888888888889];Praha ;True;3024.0;91d62cc4016beebe9006182154bd1d8f;;;50.09;14.41
85;images2;test;0gnHrmwBgfTRfkP5rnG0;4.023537;2019-03-09T17:29:42;Česko;Horizontal (normal);True;[];Praha Staré Město ;2;okres Hlavní město Praha ;image;SM-G960F -;/Users/andregarstka/Pictures/Local/2019 - Prag/;/Users/andregarstka/Pictures/Local/2019 - Prag/20190309_172942.jpg;;2019-08-20;4032.0;[14.413611111111111, 50.086666666666666];Praha ;True;3024.0;1f3e98d074cadd093c2a9d57d4809391;;;50.09;14.41
86;images2;test;xwnHrmwBgfTRfkP5qnHE;4.023537;2019-03-09T17:30:04;Česko;Rotated 180;True;[];Praha Malá Strana ;2;okres Hlavní město Praha ;image;iPhone 7 iPhone 7 back camera 3.99mm f/1.8;/Users/andregarstka/Pictures/Local/2019 - Prag/;/Users/andregarstka/Pictures/Local/2019 - Prag/IMG_7349.JPG;;2019-08-20;4032.0;[14.411161111111111, 50.08870833333334];Praha ;True;3024.0;43761a1f35db298d285e2c226fe11bc8;;;50.09;14.41
87;images2;test;hwnHrmwBgfTRfkP5i3ET;4.023537;2019-03-09T17:30:05;Česko;Horizontal (normal);True;[];Praha Malá Strana ;2;okres Hlavní město Praha ;image;SM-G960F -;/Users/andregarstka/Pictures/Local/2019 - Prag/;/Users/andregarstka/Pictures/Local/2019 - Prag/20190309_173005.jpg;;2019-08-20;4032.0;[14.411388888888888, 50.08888888888889];Praha ;True;3024.0;94506c8d9830379ff16da9c3584aa4c7;;;50.09;14.41
88;images2;test;0wnHrmwBgfTRfkP5r3E2;4.023537;2019-03-09T17:31:37;Česko;Horizontal (normal);True;[];Praha Malá Strana ;2;okres Hlavní město Praha ;image;SM-G960F -;/Users/andregarstka/Pictures/Local/2019 - Prag/;/Users/andregarstka/Pictures/Local/2019 - Prag/20190309_173137.jpg;;2019-08-20;4032.0;[14.411111111111111, 50.08861111111111];Praha ;True;3024.0;bfb472ff6460856ef22060636f406145;;;50.09;14.41
89;images2;test;kAnHrmwBgfTRfkP5jXFF;4.023537;2019-03-09T17:48:28;Česko;Horizontal (normal);True;[];Praha Malá Strana ;2;okres Hlavní město Praha ;image;SM-G960F -;/Users/andregarstka/Pictures/Local/2019 - Prag/;/Users/andregarstka/Pictures/Local/2019 - Prag/20190309_174828.jpg;;2019-08-20;4032.0;[14.409166666666668, 50.086666666666666];Praha ;True;3024.0;5710fe2b58da8d69e117df1b6382f5e0;;;50.09;14.41
90;images2;test;zQnHrmwBgfTRfkP5rHFw;4.023537;2019-03-09T17:48:54;Česko;Rotated 180;True;['Nice'];Praha Malá Strana ;3;okres Hlavní město Praha ;image;SM-G960F -;/Users/andregarstka/Pictures/Local/2019 - Prag/;/Users/andregarstka/Pictures/Local/2019 - Prag/20190309_174856.jpg;;2019-08-20;3264.0;[14.408888888888889, 50.086666666666666];Praha ;True;2448.0;e0edb441a36971bc046cafe0621f1279;;;50.09;14.41
91;images2;test;sgnHrmwBgfTRfkP5o3EX;4.023537;2019-03-10T18:42:40;Česko;Horizontal (normal);True;[];Praha Staré Město ;2;okres Hlavní město Praha ;image;SM-G960F -;/Users/andregarstka/Pictures/Local/2019 - Prag/;/Users/andregarstka/Pictures/Local/2019 - Prag/20190310_184240.jpg;;2019-08-20;4032.0;[14.421944444444444, 50.08722222222222];Praha ;True;3024.0;ede55e9db8c5bdde64f517ec71503a26;;;50.09;14.42
92;images2;test;sAnHrmwBgfTRfkP5onFb;4.023537;2019-03-10T18:42:44;Česko;Horizontal (normal);True;[];Praha Staré Město ;2;okres Hlavní město Praha ;image;SM-G960F -;/Users/andregarstka/Pictures/Local/2019 - Prag/;/Users/andregarstka/Pictures/Local/2019 - Prag/20190310_184244.jpg;;2019-08-20;4032.0;[14.421944444444444, 50.08722222222222];Praha ;True;3024.0;e97ddb3613093423ce46cdaec5992016;;;50.09;14.42
93;images2;test;bgnHrmwBgfTRfkP5hXFv;4.023537;2019-03-10T18:56:56;Česko;Rotated 90 CW;True;[];Praha Staré Město ;2;okres Hlavní město Praha ;image;SM-G960F -;/Users/andregarstka/Pictures/Local/2019 - Prag/;/Users/andregarstka/Pictures/Local/2019 - Prag/20190310_185656.jpg;;2019-08-20;4032.0;[14.42, 50.08722222222222];Praha ;True;3024.0;11041a8c078327e58ca2695672ef03cb;;;50.09;14.42
94;images2;test;2AnHrmwBgfTRfkP5sHHb;4.023537;2019-03-10T18:57:05;Česko;Horizontal (normal);True;[];Praha Staré Město ;2;okres Hlavní město Praha ;image;SM-G960F -;/Users/andregarstka/Pictures/Local/2019 - Prag/;/Users/andregarstka/Pictures/Local/2019 - Prag/20190310_185705.jpg;;2019-08-20;4032.0;[14.42, 50.08722222222222];Praha ;True;3024.0;76c2cbe1331344c30e4bf85f6b8c5857;;;50.09;14.42
95;images2;test;YAnHrmwBgfTRfkP5f3GZ;4.023537;2019-03-10T18:57:34;Česko;Horizontal (normal);True;[];Praha Staré Město ;2;okres Hlavní město Praha ;image;SM-G960F -;/Users/andregarstka/Pictures/Local/2019 - Prag/;/Users/andregarstka/Pictures/Local/2019 - Prag/20190310_185734.jpg;;2019-08-20;4032.0;[14.420277777777777, 50.08694444444445];Praha ;True;3024.0;f2afed5484210f57c2b89b3466a7b6f0;;;50.09;14.42
96;images2;test;jgnHrmwBgfTRfkP5jHHS;4.023537;2019-03-10T18:58:12;Česko;Rotated 180;True;[];Praha Staré Město ;2;okres Hlavní město Praha ;image;SM-G960F -;/Users/andregarstka/Pictures/Local/2019 - Prag/;/Users/andregarstka/Pictures/Local/2019 - Prag/20190310_185812.jpg;;2019-08-20;4032.0;[14.420555555555556, 50.08694444444445];Praha ;True;3024.0;6da7afff4e8c00bffbae3da8f7f20ef3;;;50.09;14.42
97;images2;test;oQnHrmwBgfTRfkP5lHFm;4.023537;2019-03-10T19:00:25;Česko;Rotated 180;True;[];Praha Staré Město ;2;okres Hlavní město Praha ;image;SM-G960F -;/Users/andregarstka/Pictures/Local/2019 - Prag/;/Users/andregarstka/Pictures/Local/2019 - Prag/20190310_190025.jpg;;2019-08-20;4032.0;[14.420555555555556, 50.08694444444445];Praha ;True;3024.0;6d3ac3fd3f35020f324fe95629217a3e;;;50.09;14.42
98;images2;test;fAnHrmwBgfTRfkP5iHFc;4.023537;2019-03-10T19:03:01;Česko;Rotated 180;True;[];Praha Staré Město ;2;okres Hlavní město Praha ;image;SM-G960F -;/Users/andregarstka/Pictures/Local/2019 - Prag/;/Users/andregarstka/Pictures/Local/2019 - Prag/20190310_190301.jpg;;2019-08-20;4032.0;[14.421111111111111, 50.08694444444445];Praha ;True;3024.0;51fed96c6a09c25f88e86b99ed547661;;;50.09;14.42
99;images2;test;ewnHrmwBgfTRfkP5iHE3;4.023537;2019-03-09T17:26:46;Česko;Rotated 180;True;[];Praha Malá Strana ;2;okres Hlavní město Praha ;image;iPhone 7 iPhone 7 back camera 3.99mm f/1.8;/Users/andregarstka/Pictures/Local/2019 - Prag/;/Users/andregarstka/Pictures/Local/2019 - Prag/IMG_7347.JPG;;2019-08-20;4032.0;[14.411097222222223, 50.08865277777778];Praha ;True;3024.0;76da5c9afe5ae3c22698c518a23c7041;;;50.09;14.41
100;images2;test;lgnHrmwBgfTRfkP5jnFe;4.023537;2019-03-09T17:26:53;Česko;Horizontal (normal);True;[];Praha Malá Strana ;2;okres Hlavní město Praha ;image;SM-G960F -;/Users/andregarstka/Pictures/Local/2019 - Prag/;/Users/andregarstka/Pictures/Local/2019 - Prag/20190309_172653.jpg;;2019-08-20;4032.0;[14.411388888888888, 50.08861111111111];Praha ;True;3024.0;70792c7d9cb7a8b3cad1ef17f6963523;;;50.09;14.41
101;images2;test;yQnHrmwBgfTRfkP5q3Fm;4.023537;2019-03-09T17:27:08;Česko;Rotated 180;True;[];Praha Malá Strana ;2;okres Hlavní město Praha ;image;iPhone 7 iPhone 7 back camera 3.99mm f/1.8;/Users/andregarstka/Pictures/Local/2019 - Prag/;/Users/andregarstka/Pictures/Local/2019 - Prag/IMG_7348.JPG;;2019-08-20;4032.0;[14.411119444444445, 50.08865];Praha ;True;3024.0;c28ac54e5cffebef7e0e7bfecae7cc48;;;50.09;14.41
102;images2;test;vwnHrmwBgfTRfkP5p3F6;4.023537;2019-03-09T17:27:11;Česko;Horizontal (normal);True;[];Praha Malá Strana ;2;okres Hlavní město Praha ;image;SM-G960F -;/Users/andregarstka/Pictures/Local/2019 - Prag/;/Users/andregarstka/Pictures/Local/2019 - Prag/20190309_172711.jpg;;2019-08-20;4032.0;[14.411388888888888, 50.08861111111111];Praha ;True;3024.0;c053e5a01545a5f75fd534405074e7eb;;;50.09;14.41
103;images2;test;mwnHrmwBgfTRfkP5j3GI;4.023537;2019-03-09T17:27:31;Česko;Horizontal (normal);True;[];Praha Malá Strana ;2;okres Hlavní město Praha ;image;SM-G960F -;/Users/andregarstka/Pictures/Local/2019 - Prag/;/Users/andregarstka/Pictures/Local/2019 - Prag/20190309_172731.jpg;;2019-08-20;4032.0;[14.411111111111111, 50.08861111111111];Praha ;True;3024.0;503bf00d677e4ebd9a0965903441f4d6;;;50.09;14.41
104;images2;test;aAnHrmwBgfTRfkP5g3HB;4.023537;2019-03-08T22:32:56;Česko;Rotated 180;True;[];Praha Malá Strana ;2;okres Hlavní město Praha ;image;SM-G960F -;/Users/andregarstka/Pictures/Local/2019 - Prag/;/Users/andregarstka/Pictures/Local/2019 - Prag/20190308_223256.jpg;;2019-08-20;4032.0;[14.410555555555556, 50.086666666666666];Praha ;True;3024.0;49425087e62c65153e37318314db60ab;;;50.09;14.41
105;images2;test;1AnHrmwBgfTRfkP5r3F5;4.023537;2019-03-08T22:33:05;Česko;Rotated 180;True;[];Praha Malá Strana ;2;okres Hlavní město Praha ;image;SM-G960F -;/Users/andregarstka/Pictures/Local/2019 - Prag/;/Users/andregarstka/Pictures/Local/2019 - Prag/20190308_223305.jpg;;2019-08-20;4032.0;[14.41, 50.088055555555556];Praha ;True;3024.0;c75b1bc2d7fa7dc26dfa6d157a7c54a6;;;50.09;14.41
106;images2;test;rAnHrmwBgfTRfkP5l3GM;4.023537;2019-03-08T23:40:33;Česko;Horizontal (normal);True;[];Praha Staré Město ;2;okres Hlavní město Praha ;image;SM-G960F -;/Users/andregarstka/Pictures/Local/2019 - Prag/;/Users/andregarstka/Pictures/Local/2019 - Prag/20190308_234033.jpg;;2019-08-20;4032.0;[14.413611111111111, 50.08527777777778];Praha ;True;3024.0;0959182c29e781ef9ca362984ac56f63;;;50.09;14.41
107;images2;test;swnHrmwBgfTRfkP5o3Fg;4.023537;2019-03-08T23:40:37;Česko;Horizontal (normal);True;[];Praha Staré Město ;2;okres Hlavní město Praha ;image;SM-G960F -;/Users/andregarstka/Pictures/Local/2019 - Prag/;/Users/andregarstka/Pictures/Local/2019 - Prag/20190308_234037.jpg;;2019-08-20;4032.0;[14.413611111111111, 50.08527777777778];Praha ;True;3024.0;d6486e5e8336d4c296a8807e858a588b;;;50.09;14.41
108;images2;test;rQnHrmwBgfTRfkP5l3HC;4.023537;2019-03-09T10:21:04;Česko;Rotated 180;True;[];Praha Smíchov ;2;okres Hlavní město Praha ;image;iPhone 7 iPhone 7 back camera 3.99mm f/1.8;/Users/andregarstka/Pictures/Local/2019 - Prag/;/Users/andregarstka/Pictures/Local/2019 - Prag/IMG_7317.JPG;;2019-08-20;4032.0;[14.402525, 50.07114444444445];Praha ;True;3024.0;02a41f81be936d0f56a9834e7478c5f5;;;50.07;14.4
109;images2;test;ggnHrmwBgfTRfkP5iXFD;4.023537;2019-03-09T10:25:06;Česko;Rotated 180;True;[];Praha Smíchov ;2;okres Hlavní město Praha ;image;iPhone 7 iPhone 7 back camera 3.99mm f/1.8;/Users/andregarstka/Pictures/Local/2019 - Prag/;/Users/andregarstka/Pictures/Local/2019 - Prag/IMG_7320.JPG;;2019-08-20;4032.0;[14.402658333333333, 50.071125];Praha ;True;3024.0;7356c46d575a67a81562881e50bb3ec7;;;50.07;14.4
110;images2;test;gwnHrmwBgfTRfkP5iXF5;4.023537;2019-03-09T12:30:17;Česko;Rotated 180;True;[];Praha Malá Strana ;2;okres Hlavní město Praha ;image;iPhone 7 iPhone 7 back camera 3.99mm f/1.8;/Users/andregarstka/Pictures/Local/2019 - Prag/;/Users/andregarstka/Pictures/Local/2019 - Prag/IMG_7321.JPG;;2019-08-20;4032.0;[14.404061111111112, 50.08112777777778];Praha ;True;3024.0;3efbad1d20c64bddff44b0e5ae49c732;;;50.08;14.4
111;images2;test;iwnHrmwBgfTRfkP5jHE8;4.023537;2019-03-09T12:38:09;Česko;Rotated 180;True;[];Praha Malá Strana ;2;okres Hlavní město Praha ;image;iPhone 7 iPhone 7 back camera 3.99mm f/1.8;/Users/andregarstka/Pictures/Local/2019 - Prag/;/Users/andregarstka/Pictures/Local/2019 - Prag/IMG_7322.JPG;;2019-08-20;4032.0;[14.401194444444444, 50.083336111111116];Praha ;True;3024.0;0aa416d7fb786d7731f0f295ada2eb3e;;;50.08;14.4
112;images2;test;ygnHrmwBgfTRfkP5q3Gb;4.023537;2019-03-08T22:04:09;Česko;Horizontal (normal);True;[];Praha Vinohrady ;2;okres Hlavní město Praha ;image;SM-G960F -;/Users/andregarstka/Pictures/Local/2019 - Prag/;/Users/andregarstka/Pictures/Local/2019 - Prag/20190308_220409.jpg;;2019-08-20;4032.0;[14.435, 50.07527777777778];Praha ;True;3024.0;0f3b27cebb36a4e8a082a17a9944a8f5;;;50.08;14.44
113;images2;test;qgnHrmwBgfTRfkP5l3EM;4.023537;2019-03-08T22:26:50;Česko;Rotated 180;True;[];Praha Malá Strana ;2;okres Hlavní město Praha ;image;SM-G960F -;/Users/andregarstka/Pictures/Local/2019 - Prag/;/Users/andregarstka/Pictures/Local/2019 - Prag/20190308_222650.jpg;;2019-08-20;4032.0;[14.40611111111111, 50.08722222222222];Praha ;True;3024.0;d7d86d676d809d342402ed4b625f7249;;;50.09;14.41
114;images2;test;dAnHrmwBgfTRfkP5hnGt;4.023537;2019-03-09T18:20:58;Česko;Horizontal (normal);True;['Nice'];Praha Staré Město ;3;okres Hlavní město Praha ;image;SM-G960F -;/Users/andregarstka/Pictures/Local/2019 - Prag/;/Users/andregarstka/Pictures/Local/2019 - Prag/20190309_182058.jpg;;2019-08-20;4032.0;[14.420833333333333, 50.08694444444445];Praha ;True;3024.0;a68959f09d038e3d8571396b1cfdc752;;True;50.09;14.42
115;images2;test;bAnHrmwBgfTRfkP5hHHT;4.023537;2019-03-09T17:07:17;Česko;Rotated 180;True;['Nice', 'Impressive', 'Awesome'];Praha Malá Strana ;5;okres Hlavní město Praha ;image;iPhone 7 iPhone 7 front camera 2.87mm f/2.2;/Users/andregarstka/Pictures/Local/2019 - Prag/;/Users/andregarstka/Pictures/Local/2019 - Prag/IMG_7341.JPG;;2019-08-20;3088.0;[14.406316666666667, 50.092105555555555];Praha ;True;2320.0;b6b6967ae4c19723872498b8271c02e5;;True;50.09;14.41
116;images2;test;2QnHrmwBgfTRfkP5wHGn;4.023537;;GPS_NO_LOC;;False;[];GPS_NO_LOC;2;;video;;/Users/andregarstka/Pictures/Local/2019 - Prag/;/Users/andregarstka/Pictures/Local/2019 - Prag/20190310_194948.mp4;prev_museum;2019-08-20;;[];GPS_NO_LOC;True;;;True;;0.0;0.0
117;images2;test;2gnHrmwBgfTRfkP5wHHn;4.023537;;GPS_NO_LOC;;False;[];GPS_NO_LOC;2;;video;;/Users/andregarstka/Pictures/Local/2019 - Prag/;/Users/andregarstka/Pictures/Local/2019 - Prag/20190309_173718.mp4;prev_museum;2019-08-20;;[];GPS_NO_LOC;True;;;True;;0.0;0.0
118;images2;test;2wnHrmwBgfTRfkP5wXEW;4.023537;;GPS_NO_LOC;;False;[];GPS_NO_LOC;2;;video;;/Users/andregarstka/Pictures/Local/2019 - Prag/;/Users/andregarstka/Pictures/Local/2019 - Prag/IMG_7376.MOV;prev_museum;2019-08-20;;[];GPS_NO_LOC;True;;;True;;0.0;0.0
119;images2;test;3AnHrmwBgfTRfkP5wXEw;4.023537;;GPS_NO_LOC;;False;[];GPS_NO_LOC;2;;video;;/Users/andregarstka/Pictures/Local/2019 - Prag/;/Users/andregarstka/Pictures/Local/2019 - Prag/IMG_7377.MOV;prev_museum;2019-08-20;;[];GPS_NO_LOC;True;;;True;;0.0;0.0
120;images2;test;3QnHrmwBgfTRfkP5wXFI;4.023537;;GPS_NO_LOC;;False;[];GPS_NO_LOC;2;;video;;/Users/andregarstka/Pictures/Local/2019 - Prag/;/Users/andregarstka/Pictures/Local/2019 - Prag/IMG_7363.MOV;prev_museum;2019-08-20;;[];GPS_NO_LOC;True;;;True;;0.0;0.0
121;images2;test;3gnHrmwBgfTRfkP5wXFu;4.023537;;GPS_NO_LOC;;False;[];GPS_NO_LOC;2;;video;;/Users/andregarstka/Pictures/Local/2019 - Prag/;/Users/andregarstka/Pictures/Local/2019 - Prag/IMG_7375.MOV;prev_museum;2019-08-20;;[];GPS_NO_LOC;True;;;True;;0.0;0.0
122;images2;test;3wnHrmwBgfTRfkP5wXGM;4.023537;;GPS_NO_LOC;;False;[];GPS_NO_LOC;2;;video;;/Users/andregarstka/Pictures/Local/2019 - Prag/;/Users/andregarstka/Pictures/Local/2019 - Prag/IMG_7374.MOV;prev_museum;2019-08-20;;[];GPS_NO_LOC;True;;;True;;0.0;0.0
123;images2;test;4AnHrmwBgfTRfkP5wXGh;4.023537;;GPS_NO_LOC;;False;[];GPS_NO_LOC;2;;video;;/Users/andregarstka/Pictures/Local/2019 - Prag/;/Users/andregarstka/Pictures/Local/2019 - Prag/IMG_7364.MOV;prev_museum;2019-08-20;;[];GPS_NO_LOC;True;;;True;;0.0;0.0
124;images2;test;4QnHrmwBgfTRfkP5wXG2;4.023537;;GPS_NO_LOC;;False;[];GPS_NO_LOC;2;;video;;/Users/andregarstka/Pictures/Local/2019 - Prag/;/Users/andregarstka/Pictures/Local/2019 - Prag/IMG_7372.MOV;prev_museum;2019-08-20;;[];GPS_NO_LOC;True;;;True;;0.0;0.0
125;images2;test;4gnHrmwBgfTRfkP5wXHQ;4.023537;;GPS_NO_LOC;;False;[];GPS_NO_LOC;2;;video;;/Users/andregarstka/Pictures/Local/2019 - Prag/;/Users/andregarstka/Pictures/Local/2019 - Prag/IMG_7366.MOV;prev_museum;2019-08-20;;[];GPS_NO_LOC;True;;;True;;0.0;0.0
126;images2;test;4wnHrmwBgfTRfkP5wnEK;4.023537;;GPS_NO_LOC;;False;[];GPS_NO_LOC;2;;video;;/Users/andregarstka/Pictures/Local/2019 - Prag/;/Users/andregarstka/Pictures/Local/2019 - Prag/IMG_7368.MOV;prev_museum;2019-08-20;;[];GPS_NO_LOC;True;;;True;;0.0;0.0
127;images2;test;5AnHrmwBgfTRfkP5wnEi;4.023537;;GPS_NO_LOC;;False;[];GPS_NO_LOC;2;;video;;/Users/andregarstka/Pictures/Local/2019 - Prag/;/Users/andregarstka/Pictures/Local/2019 - Prag/IMG_7385.MOV;prev_museum;2019-08-20;;[];GPS_NO_LOC;True;;;True;;0.0;0.0
128;images2;test;5QnHrmwBgfTRfkP5wnFI;4.023537;;GPS_NO_LOC;;False;[];GPS_NO_LOC;2;;video;;/Users/andregarstka/Pictures/Local/2019 - Prag/;/Users/andregarstka/Pictures/Local/2019 - Prag/IMG_7384.MOV;prev_museum;2019-08-20;;[];GPS_NO_LOC;True;;;True;;0.0;0.0
129;images2;test;5gnHrmwBgfTRfkP5wnFk;4.023537;;GPS_NO_LOC;;False;[];GPS_NO_LOC;2;;video;;/Users/andregarstka/Pictures/Local/2019 - Prag/;/Users/andregarstka/Pictures/Local/2019 - Prag/20190309_215612.mp4;prev_museum;2019-08-20;;[];GPS_NO_LOC;True;;;True;;0.0;0.0
130;images2;test;wwnHrmwBgfTRfkP5qXFB;4.023537;2019-03-11T12:04:30;Česko;Horizontal (normal);True;['Nice'];Praha Hradčany ;3;okres Hlavní město Praha ;image;iPhone 7 iPhone 7 back camera 3.99mm f/1.8;/Users/andregarstka/Pictures/Local/2019 - Prag/;/Users/andregarstka/Pictures/Local/2019 - Prag/IMG_7376.JPG;;2019-08-20;4032.0;[14.398252777777778, 50.08974722222222];Praha ;True;3024.0;a3bade86b24f0c9b2144fc74501b798d;;True;50.09;14.4
131;images2;test;1wnHrmwBgfTRfkP5sHFo;4.023537;2019-03-11T10:53:37;Česko;Rotated 180;True;['Nice'];Praha Hradčany ;3;okres Hlavní město Praha ;image;iPhone 7 iPhone 7 back camera 3.99mm f/1.8;/Users/andregarstka/Pictures/Local/2019 - Prag/;/Users/andregarstka/Pictures/Local/2019 - Prag/IMG_7372.JPG;;2019-08-20;4032.0;[14.399616666666667, 50.09147777777778];Praha ;True;3024.0;f63b16adc07e781e6e00ebadc655315f;;True;50.09;14.4
132;images2;test;kQnHrmwBgfTRfkP5jXFu;4.023537;2019-03-09T18:19:16;Česko;Rotated 90 CW;True;['Nice'];Praha Staré Město ;3;okres Hlavní město Praha ;image;SM-G960F -;/Users/andregarstka/Pictures/Local/2019 - Prag/;/Users/andregarstka/Pictures/Local/2019 - Prag/20190309_181916.jpg;;2019-08-20;4032.0;[14.420833333333333, 50.086666666666666];Praha ;True;3024.0;59e7648bc709e646390a197aa381b4f4;;True;50.09;14.42
133;images2;test;sQnHrmwBgfTRfkP5onGo;4.023537;2019-03-10T19:00:37;Česko;Rotated 180;True;['Nice'];Praha Staré Město ;3;okres Hlavní město Praha ;image;SM-G960F -;/Users/andregarstka/Pictures/Local/2019 - Prag/;/Users/andregarstka/Pictures/Local/2019 - Prag/20190310_190037.jpg;;2019-08-20;4032.0;[14.420277777777777, 50.088055555555556];Praha ;True;3024.0;1a3398d00edab1d95a8f105dffa40658;;True;50.09;14.42
