;Unnamed: 0;_index;_type;_id;_score;date;country;orientation;metadata;keywords;city;rating;county;media;lens;dirname;_source.filename;museum;imported;width;location;state;place;height;md5;placeInterpolated;long;lat;filename;day;month;year
0;0;images2;test;WQNermwBP8SISckhzr0N;3.9119642;2019-01-26T10:58:07;Italia;Rotated 180;True;['Similar'];Verona Centro Storico ;1;VR ;image;iPhone 7 iPhone 7 back camera 3.99mm f/1.8;2019 - Italien;/Users/andregarstka/Pictures/Local/2019 - Italien/IMG_6771.JPG;0;2019-08-20;4032.0;[10.997180555555556, 45.443099999999994];VEN ;True;3024.0;35c261b0a363c2e69608b8519772d6a1;0;45.44;11.0;IMG_6771.JPG;2019-1-26;2019-1;2019
1;1;images2;test;YQNermwBP8SISckhz73M;3.9119642;2019-01-26T10:58:15;Italia;Rotated 180;True;['Similar'];Verona Centro Storico ;1;VR ;image;iPhone 7 iPhone 7 back camera 3.99mm f/1.8;2019 - Italien;/Users/andregarstka/Pictures/Local/2019 - Italien/IMG_6773.JPG;0;2019-08-20;4032.0;[10.997063888888889, 45.44312222222222];VEN ;True;3024.0;898711821b88d840d1e08a86cecc3d8b;0;45.44;11.0;IMG_6773.JPG;2019-1-26;2019-1;2019
2;2;images2;test;ZwNermwBP8SISckh0b1Q;3.9119642;2019-01-26T11:04:46;Italia;Rotated 90 CW;True;[];Verona Centro Storico ;2;VR ;image;iPhone 7 iPhone 7 back camera 3.99mm f/1.8;2019 - Italien;/Users/andregarstka/Pictures/Local/2019 - Italien/IMG_6776.JPG;0;2019-08-20;4032.0;[10.998480555555554, 45.44284444444444];VEN ;True;3024.0;bb61e420f6956b75dc76e24230ef159c;0;45.44;11.0;IMG_6776.JPG;2019-1-26;2019-1;2019
3;3;images2;test;aANermwBP8SISckh0b2N;3.9119642;2019-01-26T11:15:12;Italia;Rotated 90 CW;True;[];Verona Centro Storico ;2;VR ;image;iPhone 7 iPhone 7 back camera 3.99mm f/1.8;2019 - Italien;/Users/andregarstka/Pictures/Local/2019 - Italien/IMG_6777.JPG;0;2019-08-20;4032.0;[10.998555555555555, 45.44201666666666];VEN ;True;3024.0;c7dc56d3f91c22ca099bd657a0d46266;0;45.44;11.0;IMG_6777.JPG;2019-1-26;2019-1;2019
4;4;images2;test;hwNermwBP8SISckh172Q;3.9119642;2019-01-26T11:16:06;Italia;Rotated 180;True;[];Verona Centro Storico ;2;VR ;image;iPhone 7 iPhone 7 front camera 2.87mm f/2.2;2019 - Italien;/Users/andregarstka/Pictures/Local/2019 - Italien/IMG_6781.JPG;0;2019-08-20;3088.0;[10.998544444444443, 45.44201666666666];VEN ;True;2320.0;a6b3c8d48ee64f106a9bd6dd66712dbd;0;45.44;11.0;IMG_6781.JPG;2019-1-26;2019-1;2019
5;5;images2;test;kQNermwBP8SISckh2b1f;3.9119642;2019-01-26T11:20:46;Italia;Rotated 180;True;[];Verona Centro Storico ;2;VR ;image;iPhone 7 iPhone 7 back camera 3.99mm f/1.8;2019 - Italien;/Users/andregarstka/Pictures/Local/2019 - Italien/IMG_6782.JPG;0;2019-08-20;4032.0;[10.998533333333333, 45.44201666666666];VEN ;True;3024.0;92a0fcfa83b4b279631639d6cb0af5ac;0;45.44;11.0;IMG_6782.JPG;2019-1-26;2019-1;2019
6;6;images2;test;bwNermwBP8SISckh070m;3.9119642;2019-01-25T23:21:27;Italia;Rotated 180;True;[];Verona Centro Storico ;2;VR ;image;iPhone 7 iPhone 7 back camera 3.99mm f/1.8;2019 - Italien;/Users/andregarstka/Pictures/Local/2019 - Italien/IMG_6761.JPG;0;2019-08-20;4032.0;[10.99831111111111, 45.443261111111106];VEN ;True;3024.0;f0c6a67533c79541ec00d4d52d60d03a;0;45.44;11.0;IMG_6761.JPG;2019-1-25;2019-1;2019
7;7;images2;test;ZgNermwBP8SISckh0b0W;3.9119642;2019-01-25T23:23:12;Italia;Rotated 180;True;[];Verona Centro Storico ;2;VR ;image;iPhone 7 iPhone 7 back camera 3.99mm f/1.8;2019 - Italien;/Users/andregarstka/Pictures/Local/2019 - Italien/IMG_6762.JPG;0;2019-08-20;4032.0;[10.997924999999999, 45.443102777777774];VEN ;True;3024.0;796fb5f85ce9cdd9599aff03afa316db;0;45.44;11.0;IMG_6762.JPG;2019-1-25;2019-1;2019
8;8;images2;test;aQNermwBP8SISckh0b3o;3.9119642;2019-01-26T10:33:11;Italia;Rotated 180;True;[];Verona Centro Storico ;2;VR ;image;iPhone 7 iPhone 7 back camera 3.99mm f/1.8;2019 - Italien;/Users/andregarstka/Pictures/Local/2019 - Italien/IMG_6763.JPG;0;2019-08-20;4032.0;[10.991272222222221, 45.43836111111111];VEN ;True;3024.0;959676480c96a0b2ef75d499af1cbdb1;0;45.44;10.99;IMG_6763.JPG;2019-1-26;2019-1;2019
9;9;images2;test;VwNermwBP8SISckhzb2n;3.9119642;2019-01-26T10:34:53;Italia;Rotated 180;True;['Impressive'];Verona Centro Storico ;4;VR ;image;iPhone 7 iPhone 7 front camera 2.87mm f/2.2;2019 - Italien;/Users/andregarstka/Pictures/Local/2019 - Italien/IMG_6765.JPG;0;2019-08-20;3088.0;[10.991816666666665, 45.438805555555554];VEN ;True;2320.0;b14b8840dd2fd75b0205f260c69ede19;0;45.44;10.99;IMG_6765.JPG;2019-1-26;2019-1;2019
10;10;images2;test;YANermwBP8SISckhz72R;3.9119642;2019-01-26T10:40:32;Italia;Rotated 90 CW;True;[];Verona Centro Storico ;2;VR ;image;iPhone 7 iPhone 7 back camera 3.99mm f/1.8;2019 - Italien;/Users/andregarstka/Pictures/Local/2019 - Italien/IMG_6767.JPG;0;2019-08-20;4032.0;[10.992208333333332, 45.438849999999995];VEN ;True;3024.0;4b4d9658d2f2b55d1004877cc29936cd;0;45.44;10.99;IMG_6767.JPG;2019-1-26;2019-1;2019
11;11;images2;test;jANermwBP8SISckh2L1F;3.9119642;2019-01-26T10:42:27;Italia;Rotated 180;True;['Nice'];Verona Centro Storico ;3;VR ;image;iPhone 7 iPhone 7 back camera 3.99mm f/1.8;2019 - Italien;/Users/andregarstka/Pictures/Local/2019 - Italien/IMG_6768.JPG;0;2019-08-20;4032.0;[10.993008333333332, 45.43910555555555];VEN ;True;3024.0;d795948d9dd3b50ce7a23bcd7631903f;0;45.44;10.99;IMG_6768.JPG;2019-1-26;2019-1;2019
12;12;images2;test;kANermwBP8SISckh2b0e;3.9119642;2019-01-26T10:44:43;Italia;Rotated 180;True;[];Verona Centro Storico ;2;VR ;image;iPhone 7 iPhone 7 back camera 3.99mm f/1.8;2019 - Italien;/Users/andregarstka/Pictures/Local/2019 - Italien/IMG_6769.JPG;0;2019-08-20;4032.0;[10.993597222222222, 45.439586111111105];VEN ;True;3024.0;878aa798457eddc225f6e771fd039892;0;45.44;10.99;IMG_6769.JPG;2019-1-26;2019-1;2019
13;13;images2;test;ewNermwBP8SISckh1b2T;3.9119642;2019-01-26T16:48:56;Italia;Rotated 180;True;[];San Maggiore Malcesine ;2;VR ;image;iPhone 7 iPhone 7 back camera 3.99mm f/1.8;2019 - Italien;/Users/andregarstka/Pictures/Local/2019 - Italien/IMG_6801.JPG;0;2019-08-20;4032.0;[10.80763888888889, 45.7659];VEN ;True;3024.0;70aae7f20c5e003e5213edeb9d8dd889;0;45.77;10.81;IMG_6801.JPG;2019-1-26;2019-1;2019
14;14;images2;test;eQNermwBP8SISckh1b0u;3.9119642;2019-01-26T16:49:23;Italia;Rotated 180;True;[];San Maggiore Malcesine ;2;VR ;image;iPhone 7 iPhone 7 back camera 3.99mm f/1.8;2019 - Italien;/Users/andregarstka/Pictures/Local/2019 - Italien/IMG_6803.JPG;0;2019-08-20;4032.0;[10.8079, 45.766133333333336];VEN ;True;3024.0;394c52492a564483e52b7f2e896a7884;0;45.77;10.81;IMG_6803.JPG;2019-1-26;2019-1;2019
15;15;images2;test;gwNermwBP8SISckh1r3J;3.9119642;2019-01-26T16:49:52;Italia;Rotated 180;True;[];San Maggiore Malcesine ;2;VR ;image;iPhone 7 iPhone 7 back camera 3.99mm f/1.8;2019 - Italien;/Users/andregarstka/Pictures/Local/2019 - Italien/IMG_6804.JPG;0;2019-08-20;4032.0;[10.807869444444446, 45.766108333333335];VEN ;True;3024.0;ba308e7e9069565f931ebc325afd5cb8;0;45.77;10.81;IMG_6804.JPG;2019-1-26;2019-1;2019
16;16;images2;test;iANermwBP8SISckh172-;3.9119642;2019-01-26T19:01:11;Italia;Rotated 90 CW;True;[];San Pietro in Cariano ;2;VR ;image;iPhone 7 iPhone 7 back camera 3.99mm f/1.8;2019 - Italien;/Users/andregarstka/Pictures/Local/2019 - Italien/IMG_6805.JPG;0;2019-08-20;4032.0;[10.869025, 45.529669444444444];VEN ;True;3024.0;e595805b2b23f1576a0380b951f686af;0;45.53;10.87;IMG_6805.JPG;2019-1-26;2019-1;2019
17;17;images2;test;ZANermwBP8SISckh0L2X;3.9119642;2019-01-27T13:17:08;Italia;Rotated 180;True;[];Venezia Venezia-Murano-Burano ;2;VE ;image;iPhone 7 iPhone 7 back camera 3.99mm f/1.8;2019 - Italien;/Users/andregarstka/Pictures/Local/2019 - Italien/IMG_6809.JPG;0;2019-08-20;4032.0;[12.340977777777779, 45.43365];VEN ;True;3024.0;ff8db50f5af0455560f95bf9fc2eee65;0;45.43;12.34;IMG_6809.JPG;2019-1-27;2019-1;2019
18;18;images2;test;lANermwBP8SISckh2b3U;3.9119642;2019-01-27T13:19:46;Italia;Rotated 180;True;[];Venezia Venezia-Murano-Burano ;2;VE ;image;iPhone 7 iPhone 7 back camera 3.99mm f/1.8;2019 - Italien;/Users/andregarstka/Pictures/Local/2019 - Italien/IMG_6812.JPG;0;2019-08-20;4032.0;[12.339927777777778, 45.433077777777775];VEN ;True;3024.0;51861e0ff28351850f99ab2c3b2909e9;0;45.43;12.34;IMG_6812.JPG;2019-1-27;2019-1;2019
19;19;images2;test;igNermwBP8SISckh1738;3.9119642;2019-01-27T13:21:52;Italia;Rotated 180;True;[];Venezia Venezia-Murano-Burano ;2;VE ;image;iPhone 7 iPhone 7 back camera 3.99mm f/1.8;2019 - Italien;/Users/andregarstka/Pictures/Local/2019 - Italien/IMG_6813.JPG;0;2019-08-20;4032.0;[12.339419444444445, 45.434016666666665];VEN ;True;3024.0;e8109d3eee040e08be506896e5394c47;0;45.43;12.34;IMG_6813.JPG;2019-1-27;2019-1;2019
20;20;images2;test;QgNermwBP8SISckhyb1J;3.9119642;2019-01-27T15:11:09;Italia;Rotated 180;True;[];Venezia Venezia-Murano-Burano ;2;VE ;image;iPhone 7 iPhone 7 back camera 3.99mm f/1.8;2019 - Italien;/Users/andregarstka/Pictures/Local/2019 - Italien/IMG_6842.JPG;0;2019-08-20;4032.0;[12.331977777777778, 45.43621388888889];VEN ;True;3024.0;fbceb2bbae0b621288aa9b7838a5f8fe;0;45.44;12.33;IMG_6842.JPG;2019-1-27;2019-1;2019
21;21;images2;test;SgNermwBP8SISckhyr3H;3.9119642;2019-01-27T15:11:57;Italia;Rotated 180;True;[];Venezia Venezia-Murano-Burano ;2;VE ;image;iPhone 7 iPhone 7 back camera 3.99mm f/1.8;2019 - Italien;/Users/andregarstka/Pictures/Local/2019 - Italien/IMG_6845.JPG;0;2019-08-20;4032.0;[12.3331, 45.43664444444444];VEN ;True;3024.0;887e43c02a9919136235089b666c7a28;0;45.44;12.33;IMG_6845.JPG;2019-1-27;2019-1;2019
22;22;images2;test;RQNermwBP8SISckhyb3X;3.9119642;2019-01-27T15:12:17;Italia;Rotated 180;True;[];Venezia Venezia-Murano-Burano ;2;VE ;image;iPhone 7 iPhone 7 back camera 3.99mm f/1.8;2019 - Italien;/Users/andregarstka/Pictures/Local/2019 - Italien/IMG_6846.JPG;0;2019-08-20;4032.0;[12.333108333333334, 45.43665277777777];VEN ;True;3024.0;b971980dc5c68ba7dd111cc3001db141;0;45.44;12.33;IMG_6846.JPG;2019-1-27;2019-1;2019
23;23;images2;test;TgNermwBP8SISckhy72e;3.9119642;2019-01-27T15:55:11;Italia;Rotated 90 CW;True;[];Venezia Venezia-Murano-Burano ;2;VE ;image;iPhone 7 iPhone 7 back camera 3.99mm f/1.8;2019 - Italien;/Users/andregarstka/Pictures/Local/2019 - Italien/IMG_6850.JPG;0;2019-08-20;4032.0;[12.33608888888889, 45.44007222222222];VEN ;True;3024.0;dd59006c1d93ed5a78aab32f5c994bd1;0;45.44;12.34;IMG_6850.JPG;2019-1-27;2019-1;2019
24;24;images2;test;SwNermwBP8SISckhy70g;3.9119642;2019-01-27T16:14:43;Italia;Rotated 180;True;[];Venezia Venezia-Murano-Burano ;2;VE ;image;iPhone 7 iPhone 7 back camera 3.99mm f/1.8;2019 - Italien;/Users/andregarstka/Pictures/Local/2019 - Italien/IMG_6851.JPG;0;2019-08-20;4032.0;[12.3358, 45.43795833333333];VEN ;True;3024.0;49c8c3935d63340a407e830a143e2024;0;45.44;12.34;IMG_6851.JPG;2019-1-27;2019-1;2019
25;25;images2;test;RANermwBP8SISckhyb2Z;3.9119642;2019-01-27T16:50:16;Italia;Rotated 180;True;[];Venezia Venezia-Murano-Burano ;2;VE ;image;iPhone 7 iPhone 7 back camera 3.99mm f/1.8;2019 - Italien;/Users/andregarstka/Pictures/Local/2019 - Italien/IMG_6852.JPG;0;2019-08-20;4032.0;[12.335394444444445, 45.434913888888886];VEN ;True;3024.0;4236942cbf95b170a4e1b54814ab2dd7;0;45.43;12.34;IMG_6852.JPG;2019-1-27;2019-1;2019
26;26;images2;test;VgNermwBP8SISckhzb1g;3.9119642;2019-01-25T23:20:57;Italia;Horizontal (normal);True;[];Verona Centro Storico ;2;VR ;image;iPhone 7 iPhone 7 front camera 2.87mm f/2.2;2019 - Italien;/Users/andregarstka/Pictures/Local/2019 - Italien/IMG_6759.JPG;0;2019-08-20;3088.0;[10.998099999999999, 45.44303055555555];VEN ;True;2320.0;7c2bb83bfa609bd6ac3b8af963b03407;0;45.44;11.0;IMG_6759.JPG;2019-1-25;2019-1;2019
27;27;images2;test;cQNermwBP8SISckh072i;3.9119642;2019-01-25T23:21:09;Italia;Rotated 90 CW;True;[];Verona Centro Storico ;2;VR ;image;iPhone 7 iPhone 7 back camera 3.99mm f/1.8;2019 - Italien;/Users/andregarstka/Pictures/Local/2019 - Italien/IMG_6760.JPG;0;2019-08-20;4032.0;[10.998072222222222, 45.44306666666667];VEN ;True;3024.0;9ee898278fcb3542ead886d56f2e624c;0;45.44;11.0;IMG_6760.JPG;2019-1-25;2019-1;2019
28;28;images2;test;OwNermwBP8SISckhxr0Y;3.9119642;2019-01-27T15:06:56;Italia;Rotated 180;True;['Nice'];Venezia Venezia-Murano-Burano ;3;VE ;image;iPhone 7 iPhone 7 back camera 3.99mm f/1.8;2019 - Italien;/Users/andregarstka/Pictures/Local/2019 - Italien/IMG_6841.JPG;0;2019-08-20;4032.0;[12.327797222222221, 45.43503611111111];VEN ;True;3024.0;efaebedcbea2374d714c4fc843ad2bfb;0;45.44;12.33;IMG_6841.JPG;2019-1-27;2019-1;2019
29;29;images2;test;bQNermwBP8SISckh0r3E;3.9119642;2019-01-27T14:38:48;Italia;Rotated 180;True;[];Venezia Venezia-Murano-Burano ;2;VE ;image;iPhone 7 iPhone 7 back camera 3.99mm f/1.8;2019 - Italien;/Users/andregarstka/Pictures/Local/2019 - Italien/IMG_6832.JPG;0;2019-08-20;4032.0;[12.339091666666667, 45.43411666666666];VEN ;True;3024.0;a13869eb61c7b8adf40708a53fdad15f;0;45.43;12.34;IMG_6832.JPG;2019-1-27;2019-1;2019
30;30;images2;test;qQNermwBP8SISckh8b0G;3.9119642;0;unknown;0;False;[];unknown;2;0;video;0;2019 - Italien;/Users/andregarstka/Pictures/Local/2019 - Italien/IMG_6795.MOV;0;2019-08-20;0.0;[];unknown;0;0.0;0;0;0.0;0.0;IMG_6795.MOV;unknown;unknown;unknown
31;31;images2;test;qgNermwBP8SISckh8b0e;3.9119642;0;unknown;0;False;[];unknown;2;0;video;0;2019 - Italien;/Users/andregarstka/Pictures/Local/2019 - Italien/IMG_6839.MOV;0;2019-08-20;0.0;[];unknown;0;0.0;0;0;0.0;0.0;IMG_6839.MOV;unknown;unknown;unknown
32;32;images2;test;qwNermwBP8SISckh8b0x;3.9119642;0;unknown;0;False;[];unknown;2;0;video;0;2019 - Italien;/Users/andregarstka/Pictures/Local/2019 - Italien/IMG_6875.MOV;0;2019-08-20;0.0;[];unknown;0;0.0;0;0;0.0;0.0;IMG_6875.MOV;unknown;unknown;unknown
33;33;images2;test;rANermwBP8SISckh8b1K;3.9119642;0;unknown;0;False;[];unknown;2;0;video;0;2019 - Italien;/Users/andregarstka/Pictures/Local/2019 - Italien/IMG_6861.MOV;0;2019-08-20;0.0;[];unknown;0;0.0;0;0;0.0;0.0;IMG_6861.MOV;unknown;unknown;unknown
34;34;images2;test;tQNermwBP8SISckh8r17;3.9119642;0;unknown;0;False;[];unknown;2;0;video;0;2019 - Italien;/Users/andregarstka/Pictures/Local/2019 - Italien/IMG_6891.MOV;0;2019-08-20;0.0;[];unknown;0;0.0;0;0;0.0;0.0;IMG_6891.MOV;unknown;unknown;unknown
35;35;images2;test;tgNermwBP8SISckh8r2b;3.9119642;0;unknown;0;False;[];unknown;2;0;video;0;2019 - Italien;/Users/andregarstka/Pictures/Local/2019 - Italien/IMG_6879.MOV;0;2019-08-20;0.0;[];unknown;0;0.0;0;0;0.0;0.0;IMG_6879.MOV;unknown;unknown;unknown
36;36;images2;test;uANermwBP8SISckh8r3Z;3.9119642;0;unknown;0;False;[];unknown;2;0;video;0;2019 - Italien;/Users/andregarstka/Pictures/Local/2019 - Italien/20190126_151359.mp4;0;2019-08-20;0.0;[];unknown;0;0.0;0;0;0.0;0.0;20190126_151359.mp4;unknown;unknown;unknown
37;37;images2;test;vQNermwBP8SISckh872N;3.9119642;0;unknown;0;False;[];unknown;2;0;video;0;2019 - Italien;/Users/andregarstka/Pictures/Local/2019 - Italien/IMG_6789.MOV;0;2019-08-20;0.0;[];unknown;0;0.0;0;0;0.0;0.0;IMG_6789.MOV;unknown;unknown;unknown
38;38;images2;test;fANermwBP8SISckh1b22;3.9119642;2019-01-28T13:12:41;Italia;Horizontal (normal);True;[];Unknown;2;unknown;image;SM-G960F -;2019 - Italien;/Users/andregarstka/Pictures/Local/2019 - Italien/20190128_131241.jpg;0;2019-08-20;4032.0;[];VEN;True;3024.0;b41ab169495642baa70c4c626e31e836;True;0.0;0.0;20190128_131241.jpg;2019-1-28;2019-1;2019
39;39;images2;test;fgNermwBP8SISckh1b3x;3.9119642;2019-01-27T16:12:09;Italia;Horizontal (normal);True;['Similar'];Unknown;1;unknown;image;SM-G960F -;2019 - Italien;/Users/andregarstka/Pictures/Local/2019 - Italien/20190127_161211.jpg;0;2019-08-20;3264.0;[];VEN;True;2448.0;bf827613561ffc772cc385110764d97f;True;0.0;0.0;20190127_161211.jpg;2019-1-27;2019-1;2019
40;40;images2;test;fwNermwBP8SISckh1r0U;3.9119642;2019-01-27T18:53:42;Italia;Horizontal (normal);True;['Similar'];Unknown;1;unknown;image;SM-G960F -;2019 - Italien;/Users/andregarstka/Pictures/Local/2019 - Italien/20190127_185342.jpg;0;2019-08-20;4032.0;[];VEN;True;3024.0;7fc734c945e92e34132f2992495c1ee9;True;0.0;0.0;20190127_185342.jpg;2019-1-27;2019-1;2019
41;41;images2;test;gQNermwBP8SISckh1r2M;3.9119642;2019-01-27T18:41:29;Italia;Horizontal (normal);True;[];Unknown;2;unknown;image;SM-G960F -;2019 - Italien;/Users/andregarstka/Pictures/Local/2019 - Italien/20190127_184129.jpg;0;2019-08-20;4032.0;[];VEN;True;3024.0;9132fd65e2d20ba085de1c090b25b558;True;0.0;0.0;20190127_184129.jpg;2019-1-27;2019-1;2019
42;42;images2;test;ggNermwBP8SISckh1r2s;3.9119642;2019-01-27T17:45:52;Italia;Horizontal (normal);True;[];Unknown;2;unknown;image;SM-G960F -;2019 - Italien;/Users/andregarstka/Pictures/Local/2019 - Italien/20190127_174553.jpg;0;2019-08-20;3264.0;[];VEN;True;2448.0;cf6c83c061f5d5df366c57ee6746dd4d;True;0.0;0.0;20190127_174553.jpg;2019-1-27;2019-1;2019
43;43;images2;test;hANermwBP8SISckh1r38;3.9119642;2019-01-26T15:16:08;Italia;Horizontal (normal);True;['Similar', 'Nice'];Unknown;3;unknown;image;SM-G960F -;2019 - Italien;/Users/andregarstka/Pictures/Local/2019 - Italien/20190126_151608.jpg;0;2019-08-20;4032.0;[];VEN;True;3024.0;8fc2cbf0d844bbb5f2882af518f484ae;True;0.0;0.0;20190126_151608.jpg;2019-1-26;2019-1;2019
44;44;images2;test;hgNermwBP8SISckh1713;3.9119642;2019-01-26T15:15:42;Italia;Horizontal (normal);True;[];Unknown;2;unknown;image;SM-G960F -;2019 - Italien;/Users/andregarstka/Pictures/Local/2019 - Italien/20190126_151542.jpg;0;2019-08-20;4032.0;[];VEN;True;3024.0;8a935da4a3662c40236d7eaf3f9381c1;True;0.0;0.0;20190126_151542.jpg;2019-1-26;2019-1;2019
45;45;images2;test;iQNermwBP8SISckh173a;3.9119642;2019-01-26T13:28:04;Italia;Horizontal (normal);True;['Nice'];Unknown;3;unknown;image;SM-G960F -;2019 - Italien;/Users/andregarstka/Pictures/Local/2019 - Italien/20190126_132804.jpg;0;2019-08-20;4032.0;[];VEN;True;3024.0;9f277d3f39398f9714f4ec991dd27b23;True;0.0;0.0;20190126_132804.jpg;2019-1-26;2019-1;2019
46;46;images2;test;iwNermwBP8SISckh2L0e;3.9119642;2019-01-26T16:47:13;Italia;Horizontal (normal);True;['Nice'];Unknown;3;unknown;image;SM-G960F -;2019 - Italien;/Users/andregarstka/Pictures/Local/2019 - Italien/20190126_164713.jpg;0;2019-08-20;4032.0;[];VEN;True;3024.0;66a12b7166ec20b2f01055eae274c4da;True;0.0;0.0;20190126_164713.jpg;2019-1-26;2019-1;2019
47;47;images2;test;jQNermwBP8SISckh2L1t;3.9119642;2019-01-26T13:38:50;Italia;Horizontal (normal);True;['Nice', 'Impressive'];Unknown;4;unknown;image;SM-G960F -;2019 - Italien;/Users/andregarstka/Pictures/Local/2019 - Italien/20190126_133850.jpg;0;2019-08-20;4032.0;[];VEN;True;3024.0;d8860bcd9ac574c2ecbcf5a83494579e;True;0.0;0.0;20190126_133850.jpg;2019-1-26;2019-1;2019
48;48;images2;test;jgNermwBP8SISckh2L2d;3.9119642;2019-01-26T11:23:21;Italia;Horizontal (normal);True;[];Unknown;2;unknown;image;SM-G960F -;2019 - Italien;/Users/andregarstka/Pictures/Local/2019 - Italien/20190126_112322.jpg;0;2019-08-20;4032.0;[];VEN;True;3024.0;8beb5cc2f146afd4fca9c1994fa360f1;True;0.0;0.0;20190126_112322.jpg;2019-1-26;2019-1;2019
49;49;images2;test;jwNermwBP8SISckh2L3q;3.9119642;2019-01-26T13:27:41;Italia;Horizontal (normal);True;[];Unknown;2;unknown;image;SM-G960F -;2019 - Italien;/Users/andregarstka/Pictures/Local/2019 - Italien/20190126_132742.jpg;0;2019-08-20;3264.0;[];VEN;True;2448.0;cf1f6c93249df3e142ed33e31c0d8317;True;0.0;0.0;20190126_132742.jpg;2019-1-26;2019-1;2019
50;50;images2;test;kwNermwBP8SISckh2b21;3.9119642;2019-01-27T17:47:53;Italia;Rotated 180;True;['Nice'];Unknown;3;unknown;image;SM-G960F -;2019 - Italien;/Users/andregarstka/Pictures/Local/2019 - Italien/20190127_174753.jpg;0;2019-08-20;4032.0;[];VEN;True;3024.0;47b5969eb557a97a23deb99cce5ced4d;True;0.0;0.0;20190127_174753.jpg;2019-1-27;2019-1;2019
51;51;images2;test;lQNermwBP8SISckh2r0C;3.9119642;2019-01-26T13:28:11;Italia;Horizontal (normal);True;['Similar'];Unknown;1;unknown;image;SM-G960F -;2019 - Italien;/Users/andregarstka/Pictures/Local/2019 - Italien/20190126_132811.jpg;0;2019-08-20;4032.0;[];VEN;True;3024.0;46467be0ebe486482ea093d3e15a23f7;True;0.0;0.0;20190126_132811.jpg;2019-1-26;2019-1;2019
52;52;images2;test;lgNermwBP8SISckh2r0j;3.9119642;2019-01-28T13:12:21;Italia;Horizontal (normal);True;[];Unknown;2;unknown;image;SM-G960F -;2019 - Italien;/Users/andregarstka/Pictures/Local/2019 - Italien/20190128_131221.jpg;0;2019-08-20;4032.0;[];VEN;True;3024.0;32822a6e15cbd499243b15cf9ece13c1;True;0.0;0.0;20190128_131221.jpg;2019-1-28;2019-1;2019
53;53;images2;test;mANermwBP8SISckh2r18;3.9119642;2019-01-28T13:12:36;Italia;Horizontal (normal);True;[];Unknown;2;unknown;image;SM-G960F -;2019 - Italien;/Users/andregarstka/Pictures/Local/2019 - Italien/20190128_131236.jpg;0;2019-08-20;4032.0;[];VEN;True;3024.0;05af9b69417c105008eab9426de53a0a;True;0.0;0.0;20190128_131236.jpg;2019-1-28;2019-1;2019
54;54;images2;test;mQNermwBP8SISckh2r2r;3.9119642;2019-01-26T15:15:30;Italia;Horizontal (normal);True;[];Unknown;2;unknown;image;SM-G960F -;2019 - Italien;/Users/andregarstka/Pictures/Local/2019 - Italien/20190126_151530.jpg;0;2019-08-20;4032.0;[];VEN;True;3024.0;b92c5bc6dd235c39af0a7c4dcab0a118;True;0.0;0.0;20190126_151530.jpg;2019-1-26;2019-1;2019
55;55;images2;test;ngNermwBP8SISckh273j;3.9119642;2019-01-27T17:50:13;Italia;Horizontal (normal);True;[];Unknown;2;unknown;image;SM-G960F -;2019 - Italien;/Users/andregarstka/Pictures/Local/2019 - Italien/20190127_175014.jpg;0;2019-08-20;4032.0;[];VEN;True;3024.0;3cddfd921e1d1d85d56f0e722c55c0c5;True;0.0;0.0;20190127_175014.jpg;2019-1-27;2019-1;2019
56;56;images2;test;nwNermwBP8SISckh3L0M;3.9119642;2019-01-27T18:53:24;Italia;Horizontal (normal);True;['Similar'];Unknown;1;unknown;image;SM-G960F -;2019 - Italien;/Users/andregarstka/Pictures/Local/2019 - Italien/20190127_185324.jpg;0;2019-08-20;4032.0;[];VEN;True;3024.0;3badc273b589c27c2fed8b0143739356;True;0.0;0.0;20190127_185324.jpg;2019-1-27;2019-1;2019
57;57;images2;test;oANermwBP8SISckh3L02;3.9119642;2019-01-27T18:53:17;Italia;Horizontal (normal);True;[];Unknown;2;unknown;image;SM-G960F -;2019 - Italien;/Users/andregarstka/Pictures/Local/2019 - Italien/20190127_185318.jpg;0;2019-08-20;4032.0;[];VEN;True;3024.0;b63c973e7508ecfa76bc92a53988e4af;True;0.0;0.0;20190127_185318.jpg;2019-1-27;2019-1;2019
58;58;images2;test;oQNermwBP8SISckh3L1h;3.9119642;2019-01-26T16:46:10;Italia;Horizontal (normal);True;['Similar'];Unknown;1;unknown;image;SM-G960F -;2019 - Italien;/Users/andregarstka/Pictures/Local/2019 - Italien/20190126_164610.jpg;0;2019-08-20;4032.0;[];VEN;True;3024.0;440f250ed31b195add3a3a4d69502367;True;0.0;0.0;20190126_164610.jpg;2019-1-26;2019-1;2019
59;59;images2;test;owNermwBP8SISckh3L2l;3.9119642;2019-01-27T17:41:22;Italia;Rotated 90 CW;True;[];Unknown;2;unknown;image;SM-G960F -;2019 - Italien;/Users/andregarstka/Pictures/Local/2019 - Italien/20190127_174122.jpg;0;2019-08-20;4032.0;[];VEN;True;3024.0;fc76699ba768bf298349dfb859bd10e1;True;0.0;0.0;20190127_174122.jpg;2019-1-27;2019-1;2019
60;60;images2;test;pANermwBP8SISckh3L3P;3.9119642;2019-01-26T16:46:38;Italia;Horizontal (normal);True;[];Unknown;2;unknown;image;SM-G960F -;2019 - Italien;/Users/andregarstka/Pictures/Local/2019 - Italien/20190126_164639.jpg;0;2019-08-20;4032.0;[];VEN;True;3024.0;74ca4102be46a9ce1890789f200fd3cb;True;0.0;0.0;20190126_164639.jpg;2019-1-26;2019-1;2019
61;61;images2;test;OQNermwBP8SISckhxb1o;3.9119642;2019-01-27T17:50:26;Italia;Rotated 90 CW;True;[];Unknown;2;unknown;image;SM-G960F -;2019 - Italien;/Users/andregarstka/Pictures/Local/2019 - Italien/20190127_175026.jpg;0;2019-08-20;4032.0;[];VEN;True;3024.0;b6535891e89eb0ad2c0a97eefa2345a1;True;0.0;0.0;20190127_175026.jpg;2019-1-27;2019-1;2019
62;62;images2;test;PwNermwBP8SISckhx73L;3.9119642;2019-01-27T16:15:19;Italia;Rotated 180;True;['Similar'];Unknown;1;unknown;image;SM-G960F -;2019 - Italien;/Users/andregarstka/Pictures/Local/2019 - Italien/20190127_161521.jpg;0;2019-08-20;3264.0;[];VEN;True;2448.0;9194aef9c5be5d7571dac1b9a3a68463;True;0.0;0.0;20190127_161521.jpg;2019-1-27;2019-1;2019
63;63;images2;test;QANermwBP8SISckhyL0K;3.9119642;2019-01-27T16:15:32;Italia;Rotated 180;True;['Nice'];Unknown;3;unknown;image;SM-G960F -;2019 - Italien;/Users/andregarstka/Pictures/Local/2019 - Italien/20190127_161534.jpg;0;2019-08-20;3264.0;[];VEN;True;2448.0;39105ed68a12abce63ab014242bbb742;True;0.0;0.0;20190127_161534.jpg;2019-1-27;2019-1;2019
64;64;images2;test;QwNermwBP8SISckhyb1x;3.9119642;2019-01-27T17:51:41;Italia;Horizontal (normal);True;[];Unknown;2;unknown;image;SM-G960F -;2019 - Italien;/Users/andregarstka/Pictures/Local/2019 - Italien/20190127_175141.jpg;0;2019-08-20;4032.0;[];VEN;True;3024.0;34a75c3ceba591f5df69399e9374879e;True;0.0;0.0;20190127_175141.jpg;2019-1-27;2019-1;2019
65;65;images2;test;RgNermwBP8SISckhyr0A;3.9119642;2019-01-27T16:14:50;Italia;Horizontal (normal);True;['Similar'];Unknown;1;unknown;image;SM-G960F -;2019 - Italien;/Users/andregarstka/Pictures/Local/2019 - Italien/20190127_161450.jpg;0;2019-08-20;4032.0;[];VEN;True;3024.0;c8b041c35a02507b0b9c93fc17fea218;True;0.0;0.0;20190127_161450.jpg;2019-1-27;2019-1;2019
66;66;images2;test;SQNermwBP8SISckhyr2i;3.9119642;2019-01-27T17:45:04;Italia;Horizontal (normal);True;[];Unknown;2;unknown;image;SM-G960F -;2019 - Italien;/Users/andregarstka/Pictures/Local/2019 - Italien/20190127_174504.jpg;0;2019-08-20;4032.0;[];VEN;True;3024.0;9cda947cdbec4b63b16a91f0d4a9a6c1;True;0.0;0.0;20190127_174504.jpg;2019-1-27;2019-1;2019
67;67;images2;test;TwNermwBP8SISckhy73a;3.9119642;2019-01-27T21:32:56;Italia;Rotated 180;True;[];Unknown;2;unknown;image;SM-G960F -;2019 - Italien;/Users/andregarstka/Pictures/Local/2019 - Italien/20190127_213256.jpg;0;2019-08-20;4032.0;[];VEN;True;3024.0;5f752676d5b95ce9a84bf334ea18b244;True;0.0;0.0;20190127_213256.jpg;2019-1-27;2019-1;2019
68;68;images2;test;UANermwBP8SISckhzL0-;3.9119642;2019-01-28T19:44:45;Italia;Rotated 90 CW;True;['Nice'];Unknown;3;unknown;image;SM-G960F -;2019 - Italien;/Users/andregarstka/Pictures/Local/2019 - Italien/20190128_194445.jpg;0;2019-08-20;4032.0;[];VEN;True;3024.0;26970773134e27040389b1126d2622f5;True;0.0;0.0;20190128_194445.jpg;2019-1-28;2019-1;2019
69;69;images2;test;UQNermwBP8SISckhzL2I;3.9119642;2019-01-27T17:51:18;Italia;Horizontal (normal);True;['Nice'];Unknown;3;unknown;image;SM-G960F -;2019 - Italien;/Users/andregarstka/Pictures/Local/2019 - Italien/20190127_175118.jpg;0;2019-08-20;4032.0;[];VEN;True;3024.0;04b02c6a509933e7b98a4c8f8ac32706;True;0.0;0.0;20190127_175118.jpg;2019-1-27;2019-1;2019
70;70;images2;test;UgNermwBP8SISckhzL2n;3.9119642;2019-01-27T16:11:51;Italia;Horizontal (normal);True;[];Unknown;2;unknown;image;SM-G960F -;2019 - Italien;/Users/andregarstka/Pictures/Local/2019 - Italien/20190127_161151.jpg;0;2019-08-20;4032.0;[];VEN;True;3024.0;e6eaa9500cc978b891e491add1d543b7;True;0.0;0.0;20190127_161151.jpg;2019-1-27;2019-1;2019
71;71;images2;test;UwNermwBP8SISckhzL3Q;3.9119642;2019-01-26T16:06:33;Italia;Horizontal (normal);True;['Nice'];Unknown;3;unknown;image;SM-G960F -;2019 - Italien;/Users/andregarstka/Pictures/Local/2019 - Italien/20190126_160633.jpg;0;2019-08-20;4032.0;[];VEN;True;3024.0;384f3771ed6735531a6d7e1b90584dda;True;0.0;0.0;20190126_160633.jpg;2019-1-26;2019-1;2019
72;72;images2;test;VQNermwBP8SISckhzb04;3.9119642;2019-01-26T15:20:51;Italia;Horizontal (normal);True;[];Unknown;2;unknown;image;SM-G960F -;2019 - Italien;/Users/andregarstka/Pictures/Local/2019 - Italien/20190126_152051.jpg;0;2019-08-20;4032.0;[];VEN;True;3024.0;b03d05f8b1431dcbcd973dada0593358;True;0.0;0.0;20190126_152051.jpg;2019-1-26;2019-1;2019
73;73;images2;test;WANermwBP8SISckhzb3S;3.9119642;2019-01-27T17:48:18;Italia;Horizontal (normal);True;[];Unknown;2;unknown;image;SM-G960F -;2019 - Italien;/Users/andregarstka/Pictures/Local/2019 - Italien/20190127_174818.jpg;0;2019-08-20;4032.0;[];VEN;True;3024.0;314cf217e6dd87b8daad2cdc57dc8194;True;0.0;0.0;20190127_174818.jpg;2019-1-27;2019-1;2019
74;74;images2;test;WwNermwBP8SISckhzr2V;3.9119642;2019-01-26T16:41:18;Italia;Rotated 180;True;[];Unknown;2;unknown;image;SM-G960F -;2019 - Italien;/Users/andregarstka/Pictures/Local/2019 - Italien/20190126_164118.jpg;0;2019-08-20;4032.0;[];VEN;True;3024.0;e0fadf5d3b7e65a6037473114f44b771;True;0.0;0.0;20190126_164118.jpg;2019-1-26;2019-1;2019
75;75;images2;test;XANermwBP8SISckhzr3G;3.9119642;2019-01-26T13:28:09;Italia;Horizontal (normal);True;['Similar'];Unknown;1;unknown;image;SM-G960F -;2019 - Italien;/Users/andregarstka/Pictures/Local/2019 - Italien/20190126_132809.jpg;0;2019-08-20;4032.0;[];VEN;True;3024.0;7ccb56ebc55505aca04541b5c1d07903;True;0.0;0.0;20190126_132809.jpg;2019-1-26;2019-1;2019
76;76;images2;test;XgNermwBP8SISckhz70x;3.9119642;2019-01-26T16:47:08;Italia;Horizontal (normal);True;[];Unknown;2;unknown;image;SM-G960F -;2019 - Italien;/Users/andregarstka/Pictures/Local/2019 - Italien/20190126_164708.jpg;0;2019-08-20;4032.0;[];VEN;True;3024.0;379a1b068eb2e255a246998facd6e395;True;0.0;0.0;20190126_164708.jpg;2019-1-26;2019-1;2019
77;77;images2;test;YgNermwBP8SISckh0L0n;3.9119642;2019-01-27T18:40:41;Italia;Horizontal (normal);True;[];Unknown;2;unknown;image;SM-G960F -;2019 - Italien;/Users/andregarstka/Pictures/Local/2019 - Italien/20190127_184041.jpg;0;2019-08-20;4032.0;[];VEN;True;3024.0;70eeba1acc91ded28adea5c7cf1ec428;True;0.0;0.0;20190127_184041.jpg;2019-1-27;2019-1;2019
78;78;images2;test;awNermwBP8SISckh0r1K;3.9119642;2019-01-28T13:20:23;Italia;Rotated 90 CW;True;[];Unknown;2;unknown;image;SM-G960F -;2019 - Italien;/Users/andregarstka/Pictures/Local/2019 - Italien/20190128_132023.jpg;0;2019-08-20;4032.0;[];VEN;True;3024.0;517428c2cdf7180df98ca888c2e04897;True;0.0;0.0;20190128_132023.jpg;2019-1-28;2019-1;2019
79;79;images2;test;bgNermwBP8SISckh0r34;3.9119642;2019-01-27T17:52:43;Italia;Rotated 180;True;[];Unknown;2;unknown;image;SM-G960F -;2019 - Italien;/Users/andregarstka/Pictures/Local/2019 - Italien/20190127_175243.jpg;0;2019-08-20;4032.0;[];VEN;True;3024.0;cb99b054ab23559f65cff83fbc6ebbbd;True;0.0;0.0;20190127_175243.jpg;2019-1-27;2019-1;2019
80;80;images2;test;cANermwBP8SISckh071e;3.9119642;2019-01-26T11:13:46;Italia;Rotated 90 CW;True;['Nice'];Unknown;3;unknown;image;SM-G960F -;2019 - Italien;/Users/andregarstka/Pictures/Local/2019 - Italien/20190126_111347.jpg;0;2019-08-20;4032.0;[];VEN;True;3024.0;928a3ea7e3593e4984f568fc9f8aa89d;True;0.0;0.0;20190126_111347.jpg;2019-1-26;2019-1;2019
81;81;images2;test;cgNermwBP8SISckh073Q;3.9119642;2019-01-27T17:45:40;Italia;Horizontal (normal);True;['Similar'];Unknown;1;unknown;image;SM-G960F -;2019 - Italien;/Users/andregarstka/Pictures/Local/2019 - Italien/20190127_174541.jpg;0;2019-08-20;3264.0;[];VEN;True;2448.0;2d66443d6f78bf764fd95b2265b594fd;True;0.0;0.0;20190127_174541.jpg;2019-1-27;2019-1;2019
82;82;images2;test;cwNermwBP8SISckh0736;3.9119642;2019-01-26T16:06:06;Italia;Horizontal (normal);True;['Similar'];Unknown;1;unknown;image;SM-G960F -;2019 - Italien;/Users/andregarstka/Pictures/Local/2019 - Italien/20190126_160606.jpg;0;2019-08-20;4032.0;[];VEN;True;3024.0;c7d124793c8096a18a2d0460637b575e;True;0.0;0.0;20190126_160606.jpg;2019-1-26;2019-1;2019
83;83;images2;test;dwNermwBP8SISckh1L3b;3.9119642;2019-01-27T17:48:10;Italia;Horizontal (normal);True;[];Unknown;2;unknown;image;SM-G960F -;2019 - Italien;/Users/andregarstka/Pictures/Local/2019 - Italien/20190127_174810.jpg;0;2019-08-20;4032.0;[];VEN;True;3024.0;9d12988dd79e9dd99f5cad68ad82e264;True;0.0;0.0;20190127_174810.jpg;2019-1-27;2019-1;2019
84;84;images2;test;PANermwBP8SISckhx70A;3.9119642;2019-01-28T09:08:20;Italia;Horizontal (normal);True;[];Venezia Venezia-Murano-Burano ;2;VE ;image;iPhone 7 iPhone 7 back camera 3.99mm f/1.8;2019 - Italien;/Users/andregarstka/Pictures/Local/2019 - Italien/IMG_6869.JPG;0;2019-08-20;4032.0;[12.340233333333334, 45.43528611111111];VEN ;True;3024.0;a7f35c721ebef36ef9d14c03a1dadcb2;0;45.44;12.34;IMG_6869.JPG;2019-1-28;2019-1;2019
85;85;images2;test;nANermwBP8SISckh271n;3.9119642;2019-01-28T12:24:11;Italia;Rotated 180;True;[];Venezia Venezia-Murano-Burano ;2;VE ;image;iPhone 7 iPhone 7 back camera 3.99mm f/1.8;2019 - Italien;/Users/andregarstka/Pictures/Local/2019 - Italien/IMG_6877.JPG;0;2019-08-20;4032.0;[12.3329, 45.42859722222222];VEN ;True;3024.0;df357c8153cd2671604dd91b5fc617c8;0;45.43;12.33;IMG_6877.JPG;2019-1-28;2019-1;2019
86;86;images2;test;QQNermwBP8SISckhyb0I;3.9119642;2019-01-28T13:28:34;Italia;Rotated 90 CCW;True;[];Venezia Venezia-Murano-Burano ;2;VE ;image;iPhone 7 iPhone 7 back camera 3.99mm f/1.8;2019 - Italien;/Users/andregarstka/Pictures/Local/2019 - Italien/IMG_6881.JPG;0;2019-08-20;4032.0;[12.336497222222222, 45.43474166666666];VEN ;True;3024.0;db65f1caaa24d6ef6bd78c7163d68003;0;45.43;12.34;IMG_6881.JPG;2019-1-28;2019-1;2019
87;87;images2;test;OgNermwBP8SISckhxb2m;3.9119642;2019-01-28T13:37:44;Italia;Rotated 180;True;['Similar'];Venezia Venezia-Murano-Burano ;1;VE ;image;iPhone 7 iPhone 7 back camera 3.99mm f/1.8;2019 - Italien;/Users/andregarstka/Pictures/Local/2019 - Italien/IMG_6882.JPG;0;2019-08-20;4032.0;[12.33886388888889, 45.43540833333333];VEN ;True;3024.0;832f40ceb211d4e8c93c12fd3bd74037;0;45.44;12.34;IMG_6882.JPG;2019-1-28;2019-1;2019
88;88;images2;test;OANermwBP8SISckhxL3L;3.9119642;2019-01-28T13:37:48;Italia;Rotated 180;True;['Similar'];Venezia Venezia-Murano-Burano ;1;VE ;image;iPhone 7 iPhone 7 back camera 3.99mm f/1.8;2019 - Italien;/Users/andregarstka/Pictures/Local/2019 - Italien/IMG_6883.JPG;0;2019-08-20;4032.0;[12.33891388888889, 45.43537499999999];VEN ;True;3024.0;c93cc2626ac12781bfd9c06c82d922e7;0;45.44;12.34;IMG_6883.JPG;2019-1-28;2019-1;2019
89;89;images2;test;SANermwBP8SISckhyr1f;3.9119642;2019-01-28T13:37:48;Italia;Rotated 180;True;['Similar'];Venezia Venezia-Murano-Burano ;1;VE ;image;iPhone 7 iPhone 7 back camera 3.99mm f/1.8;2019 - Italien;/Users/andregarstka/Pictures/Local/2019 - Italien/IMG_6884.JPG;0;2019-08-20;4032.0;[12.33891388888889, 45.43537499999999];VEN ;True;3024.0;69b2dce5233c2eed9ab4a81fc19490e7;0;45.44;12.34;IMG_6884.JPG;2019-1-28;2019-1;2019
90;90;images2;test;RwNermwBP8SISckhyr0n;3.9119642;2019-01-28T13:56:43;Italia;Rotated 180;True;[];Venezia Venezia-Murano-Burano ;2;VE ;image;iPhone 7 iPhone 7 back camera 3.99mm f/1.8;2019 - Italien;/Users/andregarstka/Pictures/Local/2019 - Italien/IMG_6885.JPG;0;2019-08-20;4032.0;[12.341616666666667, 45.43932777777778];VEN ;True;3024.0;a25a2e40fec086e11f878a18d88c4bf4;0;45.44;12.34;IMG_6885.JPG;2019-1-28;2019-1;2019
91;91;images2;test;TANermwBP8SISckhy71M;3.9119642;2019-01-28T15:04:34;Italia;Rotated 180;True;['Similar'];Venezia Venezia-Murano-Burano ;1;VE ;image;iPhone 7 iPhone 7 back camera 3.99mm f/1.8;2019 - Italien;/Users/andregarstka/Pictures/Local/2019 - Italien/IMG_6886.JPG;0;2019-08-20;4032.0;[12.341511111111112, 45.43926111111111];VEN ;True;3024.0;9c8448154827dc11305b840fb75233ac;0;45.44;12.34;IMG_6886.JPG;2019-1-28;2019-1;2019
92;92;images2;test;TQNermwBP8SISckhy713;3.9119642;2019-01-28T16:04:35;Italia;Rotated 180;True;['Nice'];Venezia Venezia-Murano-Burano ;3;VE ;image;iPhone 7 iPhone 7 back camera 3.99mm f/1.8;2019 - Italien;/Users/andregarstka/Pictures/Local/2019 - Italien/IMG_6887.JPG;0;2019-08-20;4032.0;[12.329308333333334, 45.4439];VEN ;True;3024.0;960d8338557a2e957d481aeac5fc8274;0;45.44;12.33;IMG_6887.JPG;2019-1-28;2019-1;2019
93;93;images2;test;mgNermwBP8SISckh270I;3.9119642;2019-01-28T16:07:27;Italia;Rotated 180;True;[];Venezia Venezia-Murano-Burano ;2;VE ;image;iPhone 7 iPhone 7 back camera 3.99mm f/1.8;2019 - Italien;/Users/andregarstka/Pictures/Local/2019 - Italien/IMG_6888.JPG;0;2019-08-20;4032.0;[12.331272222222221, 45.44318333333333];VEN ;True;3024.0;b90b8288b019d0b82ce255b773471c92;0;45.44;12.33;IMG_6888.JPG;2019-1-28;2019-1;2019
94;94;images2;test;gANermwBP8SISckh1r0w;3.9119642;2019-01-27T13:22:01;Italia;Rotated 180;True;[];Venezia Venezia-Murano-Burano ;2;VE ;image;iPhone 7 iPhone 7 back camera 3.99mm f/1.8;2019 - Italien;/Users/andregarstka/Pictures/Local/2019 - Italien/IMG_6814.JPG;0;2019-08-20;4032.0;[12.339397222222223, 45.43405555555555];VEN ;True;3024.0;25291f78f1d58a7bac4dc366e0dd6ad2;0;45.43;12.34;IMG_6814.JPG;2019-1-27;2019-1;2019
95;95;images2;test;dANermwBP8SISckh1L09;3.9119642;2019-01-27T14:18:41;Italia;Rotated 180;True;['Nice'];Venezia Venezia-Murano-Burano ;3;VE ;image;iPhone 7 iPhone 7 back camera 3.99mm f/1.8;2019 - Italien;/Users/andregarstka/Pictures/Local/2019 - Italien/IMG_6816.JPG;0;2019-08-20;4032.0;[12.340347222222222, 45.43532222222222];VEN ;True;3024.0;ef28f51db7fb1eb814926be93377d997;0;45.44;12.34;IMG_6816.JPG;2019-1-27;2019-1;2019
96;96;images2;test;XQNermwBP8SISckhzr39;3.9119642;2019-01-27T14:18:47;Italia;Rotated 180;True;[];Venezia Venezia-Murano-Burano ;2;VE ;image;iPhone 7 iPhone 7 back camera 3.99mm f/1.8;2019 - Italien;/Users/andregarstka/Pictures/Local/2019 - Italien/IMG_6820.JPG;0;2019-08-20;4032.0;[12.34040277777778, 45.43533333333333];VEN ;True;3024.0;07aeaccd1c1b55d1f26494d094b3fb63;0;45.44;12.34;IMG_6820.JPG;2019-1-27;2019-1;2019
97;97;images2;test;WgNermwBP8SISckhzr1D;3.9119642;2019-01-27T14:19:12;Italia;Rotated 180;True;['Nice'];Venezia Venezia-Murano-Burano ;3;VE ;image;iPhone 7 iPhone 7 back camera 3.99mm f/1.8;2019 - Italien;/Users/andregarstka/Pictures/Local/2019 - Italien/IMG_6822.JPG;0;2019-08-20;4032.0;[12.340516666666668, 45.43533055555555];VEN ;True;3024.0;5de355c331ed71840b4a75df72e7e9b6;0;45.44;12.34;IMG_6822.JPG;2019-1-27;2019-1;2019
98;98;images2;test;VANermwBP8SISckhzL36;3.9119642;2019-01-27T14:32:29;Italia;Rotated 180;True;['Nice'];Venezia Venezia-Murano-Burano ;3;VE ;image;iPhone 7 iPhone 7 back camera 3.99mm f/1.8;2019 - Italien;/Users/andregarstka/Pictures/Local/2019 - Italien/IMG_6823.JPG;0;2019-08-20;4032.0;[12.33927777777778, 45.434075];VEN ;True;3024.0;39e2e379d5d6fba7a713b67e6a391808;0;45.43;12.34;IMG_6823.JPG;2019-1-27;2019-1;2019
99;99;images2;test;bANermwBP8SISckh0r2C;3.9119642;2019-01-27T14:33:26;Italia;Rotated 180;True;[];Venezia Venezia-Murano-Burano ;2;VE ;image;iPhone 7 iPhone 7 back camera 3.99mm f/1.8;2019 - Italien;/Users/andregarstka/Pictures/Local/2019 - Italien/IMG_6824.JPG;0;2019-08-20;4032.0;[12.339172222222222, 45.43411666666666];VEN ;True;3024.0;b3911a12f9a56719492839ba9eb691fb;0;45.43;12.34;IMG_6824.JPG;2019-1-27;2019-1;2019
100;100;images2;test;egNermwBP8SISckh1b1e;3.9119642;2019-01-27T14:34:23;Italia;Horizontal (normal);True;[];Venezia Venezia-Murano-Burano ;2;VE ;image;iPhone 7 iPhone 7 front camera 2.87mm f/2.2;2019 - Italien;/Users/andregarstka/Pictures/Local/2019 - Italien/IMG_6829.JPG;0;2019-08-20;3088.0;[12.339266666666667, 45.43422777777777];VEN ;True;2320.0;234c477e50e5c06f46660d4633a53d31;0;45.43;12.34;IMG_6829.JPG;2019-1-27;2019-1;2019
101;101;images2;test;ZQNermwBP8SISckh0L3j;3.9119642;2019-01-27T14:37:38;Italia;Rotated 180;True;[];Venezia Venezia-Murano-Burano ;2;VE ;image;iPhone 7 iPhone 7 back camera 3.99mm f/1.8;2019 - Italien;/Users/andregarstka/Pictures/Local/2019 - Italien/IMG_6831.JPG;0;2019-08-20;4032.0;[12.338997222222222, 45.43408888888889];VEN ;True;3024.0;a3d081a437d9ed885cbc011e849fc8a2;0;45.43;12.34;IMG_6831.JPG;2019-1-27;2019-1;2019
102;102;images2;test;fQNermwBP8SISckh1b3R;3.9119642;2019-01-26T11:37:57;Italia;Rotated 180;True;[];Verona Centro Storico ;2;VR ;image;iPhone 7 iPhone 7 back camera 3.99mm f/1.8;2019 - Italien;/Users/andregarstka/Pictures/Local/2019 - Italien/IMG_6785.JPG;0;2019-08-20;4032.0;[10.993152777777777, 45.439280555555555];VEN ;True;3024.0;ee78df5aee7b58a2234759cb6de8066d;0;45.44;10.99;IMG_6785.JPG;2019-1-26;2019-1;2019
103;103;images2;test;dgNermwBP8SISckh1L2v;3.9119642;2019-01-26T13:58:46;Italia;Rotated 180;True;['Similar'];Riva del Garda ;1;Comunità Alto Garda e Ledro ;image;iPhone 7 iPhone 7 back camera 3.99mm f/1.8;2019 - Italien;/Users/andregarstka/Pictures/Local/2019 - Italien/IMG_6786.JPG;0;2019-08-20;4032.0;[10.839608333333334, 45.884902777777775];TAA ;True;3024.0;c6867182d5c29eaa340eb7fb0689096d;0;45.88;10.84;IMG_6786.JPG;2019-1-26;2019-1;2019
104;104;images2;test;agNermwBP8SISckh0r0m;3.9119642;2019-01-26T13:59:18;Italia;Rotated 180;True;[];Riva del Garda ;2;Comunità Alto Garda e Ledro ;image;iPhone 7 iPhone 7 back camera 3.99mm f/1.8;2019 - Italien;/Users/andregarstka/Pictures/Local/2019 - Italien/IMG_6788.JPG;0;2019-08-20;4032.0;[10.839483333333334, 45.88481111111111];TAA ;True;3024.0;e9b898f3ce33732cb9424ad511daba69;0;45.88;10.84;IMG_6788.JPG;2019-1-26;2019-1;2019
105;105;images2;test;dQNermwBP8SISckh1L1x;3.9119642;2019-01-26T16:02:34;Italia;Rotated 180;True;[];San Maggiore Malcesine ;2;VR ;image;iPhone 7 iPhone 7 back camera 3.99mm f/1.8;2019 - Italien;/Users/andregarstka/Pictures/Local/2019 - Italien/IMG_6792.JPG;0;2019-08-20;4032.0;[10.809405555555557, 45.76551388888889];VEN ;True;3024.0;ffdaacdb398e8515052d9d63252c826a;0;45.77;10.81;IMG_6792.JPG;2019-1-26;2019-1;2019
106;106;images2;test;eANermwBP8SISckh1b0B;3.9119642;2019-01-26T16:04:27;Italia;Rotated 180;True;[];San Maggiore Malcesine ;2;VR ;image;iPhone 7 iPhone 7 back camera 3.99mm f/1.8;2019 - Italien;/Users/andregarstka/Pictures/Local/2019 - Italien/IMG_6793.JPG;0;2019-08-20;4032.0;[10.808616666666667, 45.76583055555555];VEN ;True;3024.0;ee338443953d9da17cbe29a29d567d02;0;45.77;10.81;IMG_6793.JPG;2019-1-26;2019-1;2019
107;107;images2;test;hQNermwBP8SISckh170m;3.9119642;2019-01-26T16:06:02;Italia;Rotated 180;True;[];San Maggiore Malcesine ;2;VR ;image;iPhone 7 iPhone 7 back camera 3.99mm f/1.8;2019 - Italien;/Users/andregarstka/Pictures/Local/2019 - Italien/IMG_6794.JPG;0;2019-08-20;4032.0;[10.808033333333334, 45.76613611111111];VEN ;True;3024.0;b265a55086963aa0d2b368a9a79d5c7b;0;45.77;10.81;IMG_6794.JPG;2019-1-26;2019-1;2019
108;108;images2;test;kgNermwBP8SISckh2b2P;3.9119642;2019-01-26T16:43:42;Italia;Rotated 180;True;[];San Maggiore Malcesine ;2;VR ;image;iPhone 7 iPhone 7 back camera 3.99mm f/1.8;2019 - Italien;/Users/andregarstka/Pictures/Local/2019 - Italien/IMG_6796.JPG;Palazzo Veneziano / Museo storia naturale ;2019-08-20;4032.0;[10.808166666666667, 45.76627777777778];VEN ;True;3024.0;d59bcbda26ddfb4d612c25a7d4c1baaf;0;45.77;10.81;IMG_6796.JPG;2019-1-26;2019-1;2019
109;109;images2;test;XwNermwBP8SISckhz71i;3.9119642;2019-01-26T16:44:14;Italia;Rotated 180;True;['Similar'];San Maggiore Malcesine ;1;VR ;image;iPhone 7 iPhone 7 front camera 2.87mm f/2.2;2019 - Italien;/Users/andregarstka/Pictures/Local/2019 - Italien/IMG_6798.JPG;Palazzo Veneziano / Museo storia naturale ;2019-08-20;3088.0;[10.808094444444444, 45.766197222222225];VEN ;True;2320.0;6fa0e907f728b124781986226077282a;0;45.77;10.81;IMG_6798.JPG;2019-1-26;2019-1;2019
110;110;images2;test;YwNermwBP8SISckh0L1l;3.9119642;2019-01-26T16:44:30;Italia;Rotated 180;True;[];San Maggiore Malcesine ;2;VR ;image;iPhone 7 iPhone 7 front camera 2.87mm f/2.2;2019 - Italien;/Users/andregarstka/Pictures/Local/2019 - Italien/IMG_6799.JPG;0;2019-08-20;3088.0;[10.80766388888889, 45.76609444444444];VEN ;True;2320.0;a8a066b8d5a431274edff3dc00d7c638;0;45.77;10.81;IMG_6799.JPG;2019-1-26;2019-1;2019
111;111;images2;test;NwNermwBP8SISckhxL2B;3.9119642;2019-01-27T16:52:57;Italia;Rotated 180;True;[];Venezia Venezia-Murano-Burano ;2;VE ;image;iPhone 7 iPhone 7 back camera 3.99mm f/1.8;2019 - Italien;/Users/andregarstka/Pictures/Local/2019 - Italien/IMG_6854.JPG;0;2019-08-20;4032.0;[12.334888888888889, 45.43405277777777];VEN ;True;3024.0;3486f362938dff3043df08bcd4de9b51;0;45.43;12.33;IMG_6854.JPG;2019-1-27;2019-1;2019
112;112;images2;test;PQNermwBP8SISckhx701;3.9119642;2019-01-27T16:54:14;Italia;Rotated 180;True;['Similar'];Venezia Venezia-Murano-Burano ;1;VE ;image;iPhone 7 iPhone 7 back camera 3.99mm f/1.8;2019 - Italien;/Users/andregarstka/Pictures/Local/2019 - Italien/IMG_6857.JPG;0;2019-08-20;4032.0;[12.334166666666667, 45.43389166666666];VEN ;True;3024.0;09aed2bacaf263dd5a0ed42c222bd677;0;45.43;12.33;IMG_6857.JPG;2019-1-27;2019-1;2019
113;113;images2;test;ogNermwBP8SISckh3L2D;3.9119642;2019-01-27T17:39:56;Italia;Rotated 180;True;['Similar'];Venezia Venezia-Murano-Burano ;1;VE ;image;iPhone 7 iPhone 7 back camera 3.99mm f/1.8;2019 - Italien;/Users/andregarstka/Pictures/Local/2019 - Italien/IMG_6858.JPG;0;2019-08-20;4032.0;[12.335263888888889, 45.43293055555555];VEN ;True;3024.0;763e5a270d64ac968c5cd08275886fd0;0;45.43;12.34;IMG_6858.JPG;2019-1-27;2019-1;2019
114;114;images2;test;mwNermwBP8SISckh2704;3.9119642;2019-01-27T19:40:22;Italia;Rotated 90 CW;True;[];Venezia Venezia-Murano-Burano ;2;VE ;image;iPhone 7 iPhone 7 back camera 3.99mm f/1.8;2019 - Italien;/Users/andregarstka/Pictures/Local/2019 - Italien/IMG_6863.JPG;0;2019-08-20;4032.0;[12.333863888888889, 45.44166944444444];VEN ;True;3024.0;b35238e8fc0f6982f95a9415ab267387;0;45.44;12.33;IMG_6863.JPG;2019-1-27;2019-1;2019
115;115;images2;test;pQNermwBP8SISckh3L39;3.9119642;2019-01-27T21:46:13;Italia;Rotated 180;True;[];Venezia Venezia-Murano-Burano ;2;VE ;image;iPhone 7 iPhone 7 back camera 3.99mm f/1.8;2019 - Italien;/Users/andregarstka/Pictures/Local/2019 - Italien/IMG_6865.JPG;0;2019-08-20;4032.0;[12.342336111111111, 45.43567777777778];VEN ;True;3024.0;6a66b7b340fa7c4377b9c740b3861e04;0;45.44;12.34;IMG_6865.JPG;2019-1-27;2019-1;2019
116;116;images2;test;nQNermwBP8SISckh272R;3.9119642;2019-01-27T21:50:24;Italia;Rotated 180;True;['Nice'];Venezia Venezia-Murano-Burano ;3;VE ;image;iPhone 7 iPhone 7 back camera 3.99mm f/1.8;2019 - Italien;/Users/andregarstka/Pictures/Local/2019 - Italien/IMG_6867.JPG;0;2019-08-20;4032.0;[12.342005555555556, 45.43488055555555];VEN ;True;3024.0;da2d80c863cd59acf1b8c4535792884f;0;45.43;12.34;IMG_6867.JPG;2019-1-27;2019-1;2019
117;117;images2;test;NgNermwBP8SISckhxL0O;3.9119642;2019-01-28T09:03:15;Italia;Rotated 180;True;[];Venezia Venezia-Murano-Burano ;2;VE ;image;iPhone 7 iPhone 7 back camera 3.99mm f/1.8;2019 - Italien;/Users/andregarstka/Pictures/Local/2019 - Italien/IMG_6868.JPG;0;2019-08-20;4032.0;[12.34026388888889, 45.43526111111111];VEN ;True;3024.0;8ee6aa2e59045bba488cfb980232ed49;0;45.44;12.34;IMG_6868.JPG;2019-1-28;2019-1;2019
118;118;images2;test;lwNermwBP8SISckh2r1V;3.9119642;2019-01-28T16:30:39;Italia;Rotated 180;True;['Nice'];Venezia Venezia-Murano-Burano ;3;VE ;image;iPhone 7 iPhone 7 back camera 3.99mm f/1.8;2019 - Italien;/Users/andregarstka/Pictures/Local/2019 - Italien/IMG_6889.JPG;0;2019-08-20;4032.0;[12.336069444444446, 45.43803055555555];VEN ;True;3024.0;0363190c8b02cff6c2c3dcd81e33e7a8;0;45.44;12.34;IMG_6889.JPG;2019-1-28;2019-1;2019
119;119;images2;test;PgNermwBP8SISckhx72H;3.9119642;2019-01-28T16:54:20;Italia;Rotated 180;True;[];Venezia Venezia-Murano-Burano ;2;VE ;image;iPhone 7 iPhone 7 back camera 3.99mm f/1.8;2019 - Italien;/Users/andregarstka/Pictures/Local/2019 - Italien/IMG_6894.JPG;0;2019-08-20;4032.0;[12.318194444444444, 45.44034444444444];VEN ;True;3024.0;78f6c3e7c70e576f854edddb6368aa04;0;45.44;12.32;IMG_6894.JPG;2019-1-28;2019-1;2019
120;120;images2;test;NQNermwBP8SISckhw71Y;3.9119642;2019-01-27T09:48:39;Italia;Rotated 180;True;[];Unknown;2;unknown;image;SM-G960F -;2019 - Italien;/Users/andregarstka/Pictures/Local/2019 - Italien/20190127_094839.jpg;0;2019-08-20;4032.0;[];VEN;True;3024.0;a2cd4542934501d5254df64528af8240;True;0.0;0.0;20190127_094839.jpg;2019-1-27;2019-1;2019
121;121;images2;test;pgNermwBP8SISckh8L2s;3.9119642;0;GPS_NO_LOC;0;False;[];GPS_NO_LOC;2;0;video;0;2019 - Italien;/Users/andregarstka/Pictures/Local/2019 - Italien/IMG_6778.MOV;prev_museum;2019-08-20;0.0;[];GPS_NO_LOC;True;0.0;0;True;0.0;0.0;IMG_6778.MOV;unknown;unknown;unknown
122;122;images2;test;pwNermwBP8SISckh8L3e;3.9119642;0;GPS_NO_LOC;0;False;[];GPS_NO_LOC;2;0;video;0;2019 - Italien;/Users/andregarstka/Pictures/Local/2019 - Italien/IMG_6790.MOV;prev_museum;2019-08-20;0.0;[];GPS_NO_LOC;True;0.0;0;True;0.0;0.0;IMG_6790.MOV;unknown;unknown;unknown
123;123;images2;test;vANermwBP8SISckh871J;3.9119642;0;GPS_NO_LOC;0;False;[];GPS_NO_LOC;2;0;video;0;2019 - Italien;/Users/andregarstka/Pictures/Local/2019 - Italien/IMG_6835.MOV;prev_museum;2019-08-20;0.0;[];GPS_NO_LOC;True;0.0;0;True;0.0;0.0;IMG_6835.MOV;unknown;unknown;unknown
124;124;images2;test;vgNermwBP8SISckh872p;3.9119642;0;GPS_NO_LOC;0;False;[];GPS_NO_LOC;2;0;video;0;2019 - Italien;/Users/andregarstka/Pictures/Local/2019 - Italien/IMG_6833.MOV;prev_museum;2019-08-20;0.0;[];GPS_NO_LOC;True;0.0;0;True;0.0;0.0;IMG_6833.MOV;unknown;unknown;unknown
125;125;images2;test;qANermwBP8SISckh8L3x;3.9119642;0;GPS_NO_LOC;0;False;[];GPS_NO_LOC;2;0;video;0;2019 - Italien;/Users/andregarstka/Pictures/Local/2019 - Italien/IMG_6838.MOV;prev_museum;2019-08-20;0.0;[];GPS_NO_LOC;True;0.0;0;True;0.0;0.0;IMG_6838.MOV;unknown;unknown;unknown
126;126;images2;test;rQNermwBP8SISckh8b2C;3.9119642;0;GPS_NO_LOC;0;False;[];GPS_NO_LOC;2;0;video;0;2019 - Italien;/Users/andregarstka/Pictures/Local/2019 - Italien/IMG_6848.MOV;prev_museum;2019-08-20;0.0;[];GPS_NO_LOC;True;0.0;0;True;0.0;0.0;IMG_6848.MOV;unknown;unknown;unknown
127;127;images2;test;rgNermwBP8SISckh8b2f;3.9119642;0;GPS_NO_LOC;0;False;[];GPS_NO_LOC;2;0;video;0;2019 - Italien;/Users/andregarstka/Pictures/Local/2019 - Italien/IMG_6860.MOV;prev_museum;2019-08-20;0.0;[];GPS_NO_LOC;True;0.0;0;True;0.0;0.0;IMG_6860.MOV;unknown;unknown;unknown
128;128;images2;test;rwNermwBP8SISckh8b3E;3.9119642;0;GPS_NO_LOC;0;False;[];GPS_NO_LOC;2;0;video;0;2019 - Italien;/Users/andregarstka/Pictures/Local/2019 - Italien/IMG_6874.MOV;prev_museum;2019-08-20;0.0;[];GPS_NO_LOC;True;0.0;0;True;0.0;0.0;IMG_6874.MOV;unknown;unknown;unknown
129;129;images2;test;sANermwBP8SISckh8b3l;3.9119642;0;GPS_NO_LOC;0;False;[];GPS_NO_LOC;2;0;video;0;2019 - Italien;/Users/andregarstka/Pictures/Local/2019 - Italien/IMG_6862.MOV;prev_museum;2019-08-20;0.0;[];GPS_NO_LOC;True;0.0;0;True;0.0;0.0;IMG_6862.MOV;unknown;unknown;unknown
130;130;images2;test;sQNermwBP8SISckh8b3-;3.9119642;0;GPS_NO_LOC;0;False;[];GPS_NO_LOC;2;0;video;0;2019 - Italien;/Users/andregarstka/Pictures/Local/2019 - Italien/IMG_6876.MOV;prev_museum;2019-08-20;0.0;[];GPS_NO_LOC;True;0.0;0;True;0.0;0.0;IMG_6876.MOV;unknown;unknown;unknown
131;131;images2;test;sgNermwBP8SISckh8r0Y;3.9119642;0;GPS_NO_LOC;0;False;[];GPS_NO_LOC;2;0;video;0;2019 - Italien;/Users/andregarstka/Pictures/Local/2019 - Italien/IMG_6859.MOV;prev_museum;2019-08-20;0.0;[];GPS_NO_LOC;True;0.0;0;True;0.0;0.0;IMG_6859.MOV;unknown;unknown;unknown
132;132;images2;test;swNermwBP8SISckh8r04;3.9119642;0;GPS_NO_LOC;0;False;[];GPS_NO_LOC;2;0;video;0;2019 - Italien;/Users/andregarstka/Pictures/Local/2019 - Italien/IMG_6840.MOV;prev_museum;2019-08-20;0.0;[];GPS_NO_LOC;True;0.0;0;True;0.0;0.0;IMG_6840.MOV;unknown;unknown;unknown
133;133;images2;test;tANermwBP8SISckh8r1c;3.9119642;0;GPS_NO_LOC;0;False;[];GPS_NO_LOC;2;0;video;0;2019 - Italien;/Users/andregarstka/Pictures/Local/2019 - Italien/IMG_6843.MOV;prev_museum;2019-08-20;0.0;[];GPS_NO_LOC;True;0.0;0;True;0.0;0.0;IMG_6843.MOV;unknown;unknown;unknown
134;134;images2;test;twNermwBP8SISckh8r28;3.9119642;0;GPS_NO_LOC;0;False;[];GPS_NO_LOC;2;0;video;0;2019 - Italien;/Users/andregarstka/Pictures/Local/2019 - Italien/IMG_6892.MOV;prev_museum;2019-08-20;0.0;[];GPS_NO_LOC;True;0.0;0;True;0.0;0.0;IMG_6892.MOV;unknown;unknown;unknown
135;135;images2;test;uQNermwBP8SISckh8r3o;3.9119642;0;GPS_NO_LOC;0;False;[];GPS_NO_LOC;2;0;video;0;2019 - Italien;/Users/andregarstka/Pictures/Local/2019 - Italien/IMG_6893.MOV;prev_museum;2019-08-20;0.0;[];GPS_NO_LOC;True;0.0;0;True;0.0;0.0;IMG_6893.MOV;unknown;unknown;unknown
136;136;images2;test;ugNermwBP8SISckh870D;3.9119642;0;GPS_NO_LOC;0;False;[];GPS_NO_LOC;2;0;video;0;2019 - Italien;/Users/andregarstka/Pictures/Local/2019 - Italien/IMG_6836.MOV;prev_museum;2019-08-20;0.0;[];GPS_NO_LOC;True;0.0;0;True;0.0;0.0;IMG_6836.MOV;unknown;unknown;unknown
137;137;images2;test;uwNermwBP8SISckh870n;3.9119642;0;GPS_NO_LOC;0;False;[];GPS_NO_LOC;2;0;video;0;2019 - Italien;/Users/andregarstka/Pictures/Local/2019 - Italien/IMG_6834.MOV;prev_museum;2019-08-20;0.0;[];GPS_NO_LOC;True;0.0;0;True;0.0;0.0;IMG_6834.MOV;unknown;unknown;unknown
